case,item_i,item_j,score,detail
dense_L1_prefix,54,,129,"{""l1_code"": 132, ""cluster_size"": 129, ""example_item_ids"": [54, 383, 395, 612, 858, 904, 1025, 1074, 1334, 1335]}"
dense_L1_prefix,3,,127,"{""l1_code"": 44, ""cluster_size"": 127, ""example_item_ids"": [3, 15, 18, 143, 225, 375, 566, 763, 812, 828]}"
dense_L1_prefix,85,,125,"{""l1_code"": 201, ""cluster_size"": 125, ""example_item_ids"": [85, 201, 266, 461, 717, 770, 803, 873, 909, 1163]}"
dense_L1_prefix,62,,123,"{""l1_code"": 113, ""cluster_size"": 123, ""example_item_ids"": [62, 160, 299, 528, 617, 750, 761, 843, 1190, 1433]}"
dense_L1_prefix,10,,123,"{""l1_code"": 80, ""cluster_size"": 123, ""example_item_ids"": [10, 64, 132, 144, 162, 344, 355, 364, 366, 579]}"
dense_L1_prefix,129,,122,"{""l1_code"": 20, ""cluster_size"": 122, ""example_item_ids"": [129, 158, 228, 365, 369, 370, 391, 392, 766, 785]}"
dense_L1_prefix,379,,122,"{""l1_code"": 180, ""cluster_size"": 122, ""example_item_ids"": [379, 441, 442, 443, 719, 800, 996, 1014, 1039, 1040]}"
dense_L1_prefix,325,,120,"{""l1_code"": 103, ""cluster_size"": 120, ""example_item_ids"": [325, 373, 611, 1289, 1481, 1853, 2271, 2359, 2628, 2631]}"
dense_L1_prefix,103,,120,"{""l1_code"": 124, ""cluster_size"": 120, ""example_item_ids"": [103, 208, 255, 293, 376, 377, 378, 540, 541, 684]}"
dense_L1_prefix,2594,,119,"{""l1_code"": 25, ""cluster_size"": 119, ""example_item_ids"": [2594, 2595, 2657, 3049, 3050, 3217, 3365, 3387, 3399, 3729]}"
sparse_L1L2_prefix,14474,,1,"{""l1_l2"": [0, 0], ""cluster_size"": 1, ""full_sid"": [0, 0, 217]}"
sparse_L1L2_prefix,9016,,1,"{""l1_l2"": [0, 4], ""cluster_size"": 1, ""full_sid"": [0, 4, 68]}"
sparse_L1L2_prefix,6911,,1,"{""l1_l2"": [0, 5], ""cluster_size"": 1, ""full_sid"": [0, 5, 99]}"
sparse_L1L2_prefix,20125,,1,"{""l1_l2"": [0, 8], ""cluster_size"": 1, ""full_sid"": [0, 8, 64]}"
sparse_L1L2_prefix,5340,,1,"{""l1_l2"": [0, 10], ""cluster_size"": 1, ""full_sid"": [0, 10, 65]}"
sparse_L1L2_prefix,13865,,1,"{""l1_l2"": [0, 13], ""cluster_size"": 1, ""full_sid"": [0, 13, 82]}"
sparse_L1L2_prefix,19687,,1,"{""l1_l2"": [0, 15], ""cluster_size"": 1, ""full_sid"": [0, 15, 206]}"
sparse_L1L2_prefix,10751,,1,"{""l1_l2"": [0, 17], ""cluster_size"": 1, ""full_sid"": [0, 17, 21]}"
sparse_L1L2_prefix,16516,,1,"{""l1_l2"": [0, 20], ""cluster_size"": 1, ""full_sid"": [0, 20, 239]}"
sparse_L1L2_prefix,13332,,1,"{""l1_l2"": [0, 21], ""cluster_size"": 1, ""full_sid"": [0, 21, 146]}"
sparse_L1L2_prefix,7613,,1,"{""l1_l2"": [0, 22], ""cluster_size"": 1, ""full_sid"": [0, 22, 185]}"
sparse_L1L2_prefix,15539,,1,"{""l1_l2"": [0, 23], ""cluster_size"": 1, ""full_sid"": [0, 23, 235]}"
sparse_L1L2_prefix,14018,,1,"{""l1_l2"": [0, 25], ""cluster_size"": 1, ""full_sid"": [0, 25, 103]}"
sparse_L1L2_prefix,7096,,1,"{""l1_l2"": [0, 29], ""cluster_size"": 1, ""full_sid"": [0, 29, 198]}"
sparse_L1L2_prefix,6625,,1,"{""l1_l2"": [0, 30], ""cluster_size"": 1, ""full_sid"": [0, 30, 141]}"
sparse_L1L2_prefix,6705,,1,"{""l1_l2"": [0, 32], ""cluster_size"": 1, ""full_sid"": [0, 32, 130]}"
sparse_L1L2_prefix,12414,,1,"{""l1_l2"": [0, 35], ""cluster_size"": 1, ""full_sid"": [0, 35, 201]}"
sparse_L1L2_prefix,13132,,1,"{""l1_l2"": [0, 39], ""cluster_size"": 1, ""full_sid"": [0, 39, 235]}"
sparse_L1L2_prefix,11071,,1,"{""l1_l2"": [0, 40], ""cluster_size"": 1, ""full_sid"": [0, 40, 217]}"
sparse_L1L2_prefix,6691,,1,"{""l1_l2"": [0, 44], ""cluster_size"": 1, ""full_sid"": [0, 44, 131]}"
sparse_L1L2_prefix,6713,,1,"{""l1_l2"": [0, 47], ""cluster_size"": 1, ""full_sid"": [0, 47, 157]}"
sparse_L1L2_prefix,22184,,1,"{""l1_l2"": [0, 49], ""cluster_size"": 1, ""full_sid"": [0, 49, 185]}"
sparse_L1L2_prefix,3550,,1,"{""l1_l2"": [0, 50], ""cluster_size"": 1, ""full_sid"": [0, 50, 142]}"
sparse_L1L2_prefix,14953,,1,"{""l1_l2"": [0, 54], ""cluster_size"": 1, ""full_sid"": [0, 54, 15]}"
sparse_L1L2_prefix,3927,,1,"{""l1_l2"": [0, 56], ""cluster_size"": 1, ""full_sid"": [0, 56, 42]}"
sparse_L1L2_prefix,9060,,1,"{""l1_l2"": [0, 58], ""cluster_size"": 1, ""full_sid"": [0, 58, 167]}"
sparse_L1L2_prefix,21451,,1,"{""l1_l2"": [0, 61], ""cluster_size"": 1, ""full_sid"": [0, 61, 139]}"
sparse_L1L2_prefix,6006,,1,"{""l1_l2"": [0, 62], ""cluster_size"": 1, ""full_sid"": [0, 62, 189]}"
sparse_L1L2_prefix,12893,,1,"{""l1_l2"": [0, 66], ""cluster_size"": 1, ""full_sid"": [0, 66, 95]}"
sparse_L1L2_prefix,15887,,1,"{""l1_l2"": [0, 80], ""cluster_size"": 1, ""full_sid"": [0, 80, 171]}"
sparse_L1L2_prefix,13763,,1,"{""l1_l2"": [0, 81], ""cluster_size"": 1, ""full_sid"": [0, 81, 133]}"
sparse_L1L2_prefix,21419,,1,"{""l1_l2"": [0, 84], ""cluster_size"": 1, ""full_sid"": [0, 84, 50]}"
sparse_L1L2_prefix,10679,,1,"{""l1_l2"": [0, 85], ""cluster_size"": 1, ""full_sid"": [0, 85, 7]}"
sparse_L1L2_prefix,7915,,1,"{""l1_l2"": [0, 86], ""cluster_size"": 1, ""full_sid"": [0, 86, 53]}"
sparse_L1L2_prefix,8696,,1,"{""l1_l2"": [0, 88], ""cluster_size"": 1, ""full_sid"": [0, 88, 110]}"
sparse_L1L2_prefix,9849,,1,"{""l1_l2"": [0, 97], ""cluster_size"": 1, ""full_sid"": [0, 97, 13]}"
sparse_L1L2_prefix,15006,,1,"{""l1_l2"": [0, 100], ""cluster_size"": 1, ""full_sid"": [0, 100, 14]}"
sparse_L1L2_prefix,21649,,1,"{""l1_l2"": [0, 101], ""cluster_size"": 1, ""full_sid"": [0, 101, 254]}"
sparse_L1L2_prefix,11449,,1,"{""l1_l2"": [0, 105], ""cluster_size"": 1, ""full_sid"": [0, 105, 57]}"
sparse_L1L2_prefix,16884,,1,"{""l1_l2"": [0, 106], ""cluster_size"": 1, ""full_sid"": [0, 106, 221]}"
sparse_L1L2_prefix,6597,,1,"{""l1_l2"": [0, 108], ""cluster_size"": 1, ""full_sid"": [0, 108, 220]}"
sparse_L1L2_prefix,16474,,1,"{""l1_l2"": [0, 118], ""cluster_size"": 1, ""full_sid"": [0, 118, 38]}"
sparse_L1L2_prefix,12697,,1,"{""l1_l2"": [0, 119], ""cluster_size"": 1, ""full_sid"": [0, 119, 131]}"
sparse_L1L2_prefix,8186,,1,"{""l1_l2"": [0, 129], ""cluster_size"": 1, ""full_sid"": [0, 129, 86]}"
sparse_L1L2_prefix,9279,,1,"{""l1_l2"": [0, 130], ""cluster_size"": 1, ""full_sid"": [0, 130, 80]}"
sparse_L1L2_prefix,8337,,1,"{""l1_l2"": [0, 132], ""cluster_size"": 1, ""full_sid"": [0, 132, 194]}"
sparse_L1L2_prefix,14372,,1,"{""l1_l2"": [0, 137], ""cluster_size"": 1, ""full_sid"": [0, 137, 43]}"
sparse_L1L2_prefix,8360,,1,"{""l1_l2"": [0, 140], ""cluster_size"": 1, ""full_sid"": [0, 140, 240]}"
sparse_L1L2_prefix,6709,,1,"{""l1_l2"": [0, 142], ""cluster_size"": 1, ""full_sid"": [0, 142, 3]}"
sparse_L1L2_prefix,12460,,1,"{""l1_l2"": [0, 145], ""cluster_size"": 1, ""full_sid"": [0, 145, 234]}"
sparse_L1L2_prefix,14112,,1,"{""l1_l2"": [0, 147], ""cluster_size"": 1, ""full_sid"": [0, 147, 162]}"
sparse_L1L2_prefix,10689,,1,"{""l1_l2"": [0, 148], ""cluster_size"": 1, ""full_sid"": [0, 148, 174]}"
sparse_L1L2_prefix,3042,,1,"{""l1_l2"": [0, 149], ""cluster_size"": 1, ""full_sid"": [0, 149, 89]}"
sparse_L1L2_prefix,8314,,1,"{""l1_l2"": [0, 150], ""cluster_size"": 1, ""full_sid"": [0, 150, 96]}"
sparse_L1L2_prefix,9088,,1,"{""l1_l2"": [0, 155], ""cluster_size"": 1, ""full_sid"": [0, 155, 186]}"
sparse_L1L2_prefix,16010,,1,"{""l1_l2"": [0, 158], ""cluster_size"": 1, ""full_sid"": [0, 158, 103]}"
sparse_L1L2_prefix,3648,,1,"{""l1_l2"": [0, 159], ""cluster_size"": 1, ""full_sid"": [0, 159, 207]}"
sparse_L1L2_prefix,5785,,1,"{""l1_l2"": [0, 162], ""cluster_size"": 1, ""full_sid"": [0, 162, 42]}"
sparse_L1L2_prefix,3874,,1,"{""l1_l2"": [0, 163], ""cluster_size"": 1, ""full_sid"": [0, 163, 28]}"
sparse_L1L2_prefix,13748,,1,"{""l1_l2"": [0, 165], ""cluster_size"": 1, ""full_sid"": [0, 165, 32]}"
sparse_L1L2_prefix,7178,,1,"{""l1_l2"": [0, 166], ""cluster_size"": 1, ""full_sid"": [0, 166, 254]}"
sparse_L1L2_prefix,7633,,1,"{""l1_l2"": [0, 167], ""cluster_size"": 1, ""full_sid"": [0, 167, 66]}"
sparse_L1L2_prefix,11532,,1,"{""l1_l2"": [0, 168], ""cluster_size"": 1, ""full_sid"": [0, 168, 160]}"
sparse_L1L2_prefix,11077,,1,"{""l1_l2"": [0, 170], ""cluster_size"": 1, ""full_sid"": [0, 170, 96]}"
sparse_L1L2_prefix,15740,,1,"{""l1_l2"": [0, 171], ""cluster_size"": 1, ""full_sid"": [0, 171, 95]}"
sparse_L1L2_prefix,5753,,1,"{""l1_l2"": [0, 173], ""cluster_size"": 1, ""full_sid"": [0, 173, 179]}"
sparse_L1L2_prefix,14192,,1,"{""l1_l2"": [0, 174], ""cluster_size"": 1, ""full_sid"": [0, 174, 162]}"
sparse_L1L2_prefix,6706,,1,"{""l1_l2"": [0, 180], ""cluster_size"": 1, ""full_sid"": [0, 180, 234]}"
sparse_L1L2_prefix,16379,,1,"{""l1_l2"": [0, 182], ""cluster_size"": 1, ""full_sid"": [0, 182, 242]}"
sparse_L1L2_prefix,17077,,1,"{""l1_l2"": [0, 183], ""cluster_size"": 1, ""full_sid"": [0, 183, 241]}"
sparse_L1L2_prefix,8315,,1,"{""l1_l2"": [0, 187], ""cluster_size"": 1, ""full_sid"": [0, 187, 198]}"
sparse_L1L2_prefix,5238,,1,"{""l1_l2"": [0, 190], ""cluster_size"": 1, ""full_sid"": [0, 190, 83]}"
sparse_L1L2_prefix,16543,,1,"{""l1_l2"": [0, 194], ""cluster_size"": 1, ""full_sid"": [0, 194, 225]}"
sparse_L1L2_prefix,11724,,1,"{""l1_l2"": [0, 196], ""cluster_size"": 1, ""full_sid"": [0, 196, 21]}"
sparse_L1L2_prefix,8807,,1,"{""l1_l2"": [0, 197], ""cluster_size"": 1, ""full_sid"": [0, 197, 144]}"
sparse_L1L2_prefix,17128,,1,"{""l1_l2"": [0, 199], ""cluster_size"": 1, ""full_sid"": [0, 199, 242]}"
sparse_L1L2_prefix,13523,,1,"{""l1_l2"": [0, 205], ""cluster_size"": 1, ""full_sid"": [0, 205, 13]}"
sparse_L1L2_prefix,8925,,1,"{""l1_l2"": [0, 206], ""cluster_size"": 1, ""full_sid"": [0, 206, 186]}"
sparse_L1L2_prefix,6204,,1,"{""l1_l2"": [0, 210], ""cluster_size"": 1, ""full_sid"": [0, 210, 95]}"
sparse_L1L2_prefix,1117,,1,"{""l1_l2"": [0, 213], ""cluster_size"": 1, ""full_sid"": [0, 213, 116]}"
sparse_L1L2_prefix,13617,,1,"{""l1_l2"": [0, 215], ""cluster_size"": 1, ""full_sid"": [0, 215, 85]}"
sparse_L1L2_prefix,6616,,1,"{""l1_l2"": [0, 220], ""cluster_size"": 1, ""full_sid"": [0, 220, 100]}"
sparse_L1L2_prefix,9446,,1,"{""l1_l2"": [0, 221], ""cluster_size"": 1, ""full_sid"": [0, 221, 213]}"
sparse_L1L2_prefix,10138,,1,"{""l1_l2"": [0, 223], ""cluster_size"": 1, ""full_sid"": [0, 223, 90]}"
sparse_L1L2_prefix,15603,,1,"{""l1_l2"": [0, 227], ""cluster_size"": 1, ""full_sid"": [0, 227, 48]}"
sparse_L1L2_prefix,6200,,1,"{""l1_l2"": [0, 229], ""cluster_size"": 1, ""full_sid"": [0, 229, 89]}"
sparse_L1L2_prefix,3807,,1,"{""l1_l2"": [0, 230], ""cluster_size"": 1, ""full_sid"": [0, 230, 179]}"
sparse_L1L2_prefix,9201,,1,"{""l1_l2"": [0, 231], ""cluster_size"": 1, ""full_sid"": [0, 231, 99]}"
sparse_L1L2_prefix,6697,,1,"{""l1_l2"": [0, 235], ""cluster_size"": 1, ""full_sid"": [0, 235, 107]}"
sparse_L1L2_prefix,6921,,1,"{""l1_l2"": [0, 238], ""cluster_size"": 1, ""full_sid"": [0, 238, 153]}"
sparse_L1L2_prefix,1406,,1,"{""l1_l2"": [0, 242], ""cluster_size"": 1, ""full_sid"": [0, 242, 120]}"
sparse_L1L2_prefix,13825,,1,"{""l1_l2"": [0, 243], ""cluster_size"": 1, ""full_sid"": [0, 243, 47]}"
sparse_L1L2_prefix,10187,,1,"{""l1_l2"": [0, 245], ""cluster_size"": 1, ""full_sid"": [0, 245, 205]}"
sparse_L1L2_prefix,21721,,1,"{""l1_l2"": [0, 247], ""cluster_size"": 1, ""full_sid"": [0, 247, 32]}"
sparse_L1L2_prefix,18024,,1,"{""l1_l2"": [0, 250], ""cluster_size"": 1, ""full_sid"": [0, 250, 30]}"
sparse_L1L2_prefix,11012,,1,"{""l1_l2"": [0, 252], ""cluster_size"": 1, ""full_sid"": [0, 252, 96]}"
sparse_L1L2_prefix,22113,,1,"{""l1_l2"": [1, 2], ""cluster_size"": 1, ""full_sid"": [1, 2, 107]}"
sparse_L1L2_prefix,13240,,1,"{""l1_l2"": [1, 6], ""cluster_size"": 1, ""full_sid"": [1, 6, 103]}"
sparse_L1L2_prefix,6650,,1,"{""l1_l2"": [1, 13], ""cluster_size"": 1, ""full_sid"": [1, 13, 94]}"
sparse_L1L2_prefix,16492,,1,"{""l1_l2"": [1, 15], ""cluster_size"": 1, ""full_sid"": [1, 15, 147]}"
frequent_behavior_pair_lcp0,22372,9218,32,"{""source_sid"": [40, 113, 239], ""successor_sid"": [108, 89, 98], ""event_count"": 32}"
frequent_behavior_pair_lcp0,22639,22372,26,"{""source_sid"": [192, 62, 182], ""successor_sid"": [40, 113, 239], ""event_count"": 26}"
frequent_behavior_pair_lcp0,23238,23602,24,"{""source_sid"": [112, 166, 35], ""successor_sid"": [13, 16, 72], ""event_count"": 24}"
frequent_behavior_pair_lcp0,9218,22372,21,"{""source_sid"": [108, 89, 98], ""successor_sid"": [40, 113, 239], ""event_count"": 21}"
frequent_behavior_pair_lcp0,19314,23516,16,"{""source_sid"": [80, 97, 183], ""successor_sid"": [205, 18, 50], ""event_count"": 16}"
frequent_behavior_pair_lcp0,23238,23516,16,"{""source_sid"": [112, 166, 35], ""successor_sid"": [205, 18, 50], ""event_count"": 16}"
frequent_behavior_pair_lcp0,23238,19314,15,"{""source_sid"": [112, 166, 35], ""successor_sid"": [80, 97, 183], ""event_count"": 15}"
frequent_behavior_pair_lcp0,22664,18934,14,"{""source_sid"": [19, 235, 60], ""successor_sid"": [45, 21, 94], ""event_count"": 14}"
frequent_behavior_pair_lcp0,23602,19314,14,"{""source_sid"": [13, 16, 72], ""successor_sid"": [80, 97, 183], ""event_count"": 14}"
frequent_behavior_pair_lcp0,19314,4508,13,"{""source_sid"": [80, 97, 183], ""successor_sid"": [229, 212, 250], ""event_count"": 13}"
frequent_behavior_pair_lcp0,19314,22890,13,"{""source_sid"": [80, 97, 183], ""successor_sid"": [229, 7, 206], ""event_count"": 13}"
frequent_behavior_pair_lcp0,20913,9218,13,"{""source_sid"": [157, 180, 188], ""successor_sid"": [108, 89, 98], ""event_count"": 13}"
frequent_behavior_pair_lcp0,22372,20159,13,"{""source_sid"": [40, 113, 239], ""successor_sid"": [190, 243, 165], ""event_count"": 13}"
frequent_behavior_pair_lcp0,22890,23602,13,"{""source_sid"": [229, 7, 206], ""successor_sid"": [13, 16, 72], ""event_count"": 13}"
frequent_behavior_pair_lcp0,23587,10407,13,"{""source_sid"": [28, 137, 131], ""successor_sid"": [20, 112, 29], ""event_count"": 13}"
frequent_behavior_pair_lcp0,24312,20159,13,"{""source_sid"": [131, 32, 176], ""successor_sid"": [190, 243, 165], ""event_count"": 13}"
frequent_behavior_pair_lcp0,1965,22212,12,"{""source_sid"": [30, 145, 118], ""successor_sid"": [148, 128, 160], ""event_count"": 12}"
frequent_behavior_pair_lcp0,22372,22212,12,"{""source_sid"": [40, 113, 239], ""successor_sid"": [148, 128, 160], ""event_count"": 12}"
frequent_behavior_pair_lcp0,22664,20159,12,"{""source_sid"": [19, 235, 60], ""successor_sid"": [190, 243, 165], ""event_count"": 12}"
frequent_behavior_pair_lcp0,23516,23238,12,"{""source_sid"": [205, 18, 50], ""successor_sid"": [112, 166, 35], ""event_count"": 12}"
frequent_behavior_pair_lcp0,23602,23516,12,"{""source_sid"": [13, 16, 72], ""successor_sid"": [205, 18, 50], ""event_count"": 12}"
frequent_behavior_pair_lcp0,392,13755,11,"{""source_sid"": [20, 114, 112], ""successor_sid"": [30, 154, 78], ""event_count"": 11}"
frequent_behavior_pair_lcp0,1965,10358,11,"{""source_sid"": [30, 145, 118], ""successor_sid"": [20, 208, 178], ""event_count"": 11}"
frequent_behavior_pair_lcp0,8811,22372,11,"{""source_sid"": [108, 116, 133], ""successor_sid"": [40, 113, 239], ""event_count"": 11}"
frequent_behavior_pair_lcp0,14547,7274,11,"{""source_sid"": [80, 92, 108], ""successor_sid"": [229, 197, 59], ""event_count"": 11}"
frequent_behavior_pair_lcp0,21169,23516,11,"{""source_sid"": [213, 74, 21], ""successor_sid"": [205, 18, 50], ""event_count"": 11}"
frequent_behavior_pair_lcp0,23238,23244,11,"{""source_sid"": [112, 166, 35], ""successor_sid"": [140, 137, 243], ""event_count"": 11}"
frequent_behavior_pair_lcp0,23516,18934,11,"{""source_sid"": [205, 18, 50], ""successor_sid"": [45, 21, 94], ""event_count"": 11}"
frequent_behavior_pair_lcp0,23602,22890,11,"{""source_sid"": [13, 16, 72], ""successor_sid"": [229, 7, 206], ""event_count"": 11}"
frequent_behavior_pair_lcp0,6574,24378,10,"{""source_sid"": [207, 180, 253], ""successor_sid"": [73, 231, 177], ""event_count"": 10}"
frequent_behavior_pair_lcp0,20159,23516,10,"{""source_sid"": [190, 243, 165], ""successor_sid"": [205, 18, 50], ""event_count"": 10}"
frequent_behavior_pair_lcp0,20159,24312,10,"{""source_sid"": [190, 243, 165], ""successor_sid"": [131, 32, 176], ""event_count"": 10}"
frequent_behavior_pair_lcp0,22212,1889,10,"{""source_sid"": [148, 128, 160], ""successor_sid"": [30, 203, 176], ""event_count"": 10}"
frequent_behavior_pair_lcp0,22890,23516,10,"{""source_sid"": [229, 7, 206], ""successor_sid"": [205, 18, 50], ""event_count"": 10}"
frequent_behavior_pair_lcp0,23244,19314,10,"{""source_sid"": [140, 137, 243], ""successor_sid"": [80, 97, 183], ""event_count"": 10}"
frequent_behavior_pair_lcp0,23244,23602,10,"{""source_sid"": [140, 137, 243], ""successor_sid"": [13, 16, 72], ""event_count"": 10}"
frequent_behavior_pair_lcp0,23516,22890,10,"{""source_sid"": [205, 18, 50], ""successor_sid"": [229, 7, 206], ""event_count"": 10}"
frequent_behavior_pair_lcp0,23602,23244,10,"{""source_sid"": [13, 16, 72], ""successor_sid"": [140, 137, 243], ""event_count"": 10}"
frequent_behavior_pair_lcp0,24366,20159,10,"{""source_sid"": [65, 213, 231], ""successor_sid"": [190, 243, 165], ""event_count"": 10}"
frequent_behavior_pair_lcp0,8149,10358,9,"{""source_sid"": [28, 17, 78], ""successor_sid"": [20, 208, 178], ""event_count"": 9}"
frequent_behavior_pair_lcp0,18934,22664,9,"{""source_sid"": [45, 21, 94], ""successor_sid"": [19, 235, 60], ""event_count"": 9}"
frequent_behavior_pair_lcp0,18934,22890,9,"{""source_sid"": [45, 21, 94], ""successor_sid"": [229, 7, 206], ""event_count"": 9}"
frequent_behavior_pair_lcp0,20159,4508,9,"{""source_sid"": [190, 243, 165], ""successor_sid"": [229, 212, 250], ""event_count"": 9}"
frequent_behavior_pair_lcp0,20159,9660,9,"{""source_sid"": [190, 243, 165], ""successor_sid"": [213, 147, 161], ""event_count"": 9}"
frequent_behavior_pair_lcp0,20159,22372,9,"{""source_sid"": [190, 243, 165], ""successor_sid"": [40, 113, 239], ""event_count"": 9}"
frequent_behavior_pair_lcp0,20479,23516,9,"{""source_sid"": [112, 36, 220], ""successor_sid"": [205, 18, 50], ""event_count"": 9}"
frequent_behavior_pair_lcp0,22372,20659,9,"{""source_sid"": [40, 113, 239], ""successor_sid"": [108, 220, 122], ""event_count"": 9}"
frequent_behavior_pair_lcp0,23238,20040,9,"{""source_sid"": [112, 166, 35], ""successor_sid"": [173, 16, 162], ""event_count"": 9}"
frequent_behavior_pair_lcp0,4508,18934,8,"{""source_sid"": [229, 212, 250], ""successor_sid"": [45, 21, 94], ""event_count"": 8}"
frequent_behavior_pair_lcp0,7274,19314,8,"{""source_sid"": [229, 197, 59], ""successor_sid"": [80, 97, 183], ""event_count"": 8}"
frequent_behavior_pair_lcp0,9779,22664,8,"{""source_sid"": [93, 21, 141], ""successor_sid"": [19, 235, 60], ""event_count"": 8}"
frequent_behavior_pair_lcp0,14523,18674,8,"{""source_sid"": [39, 108, 44], ""successor_sid"": [160, 211, 130], ""event_count"": 8}"
frequent_behavior_pair_lcp0,14707,11899,8,"{""source_sid"": [199, 245, 108], ""successor_sid"": [150, 240, 125], ""event_count"": 8}"
frequent_behavior_pair_lcp0,17022,8820,8,"{""source_sid"": [28, 145, 135], ""successor_sid"": [20, 102, 235], ""event_count"": 8}"
frequent_behavior_pair_lcp0,18934,21169,8,"{""source_sid"": [45, 21, 94], ""successor_sid"": [213, 74, 21], ""event_count"": 8}"
frequent_behavior_pair_lcp0,18934,23516,8,"{""source_sid"": [45, 21, 94], ""successor_sid"": [205, 18, 50], ""event_count"": 8}"
frequent_behavior_pair_lcp0,19314,20290,8,"{""source_sid"": [80, 97, 183], ""successor_sid"": [252, 195, 22], ""event_count"": 8}"
frequent_behavior_pair_lcp0,19349,22212,8,"{""source_sid"": [30, 235, 186], ""successor_sid"": [148, 128, 160], ""event_count"": 8}"
frequent_behavior_pair_lcp0,19754,5176,8,"{""source_sid"": [166, 159, 233], ""successor_sid"": [233, 73, 32], ""event_count"": 8}"
frequent_behavior_pair_lcp0,20159,23238,8,"{""source_sid"": [190, 243, 165], ""successor_sid"": [112, 166, 35], ""event_count"": 8}"
frequent_behavior_pair_lcp0,20175,15245,8,"{""source_sid"": [20, 173, 228], ""successor_sid"": [252, 24, 131], ""event_count"": 8}"
frequent_behavior_pair_lcp0,22212,8820,8,"{""source_sid"": [148, 128, 160], ""successor_sid"": [20, 102, 235], ""event_count"": 8}"
frequent_behavior_pair_lcp0,22372,12035,8,"{""source_sid"": [40, 113, 239], ""successor_sid"": [157, 224, 12], ""event_count"": 8}"
frequent_behavior_pair_lcp0,23516,11060,8,"{""source_sid"": [205, 18, 50], ""successor_sid"": [229, 190, 47], ""event_count"": 8}"
frequent_behavior_pair_lcp0,23974,22372,8,"{""source_sid"": [67, 217, 254], ""successor_sid"": [40, 113, 239], ""event_count"": 8}"
frequent_behavior_pair_lcp0,6355,22571,7,"{""source_sid"": [252, 205, 11], ""successor_sid"": [45, 166, 182], ""event_count"": 7}"
frequent_behavior_pair_lcp0,6574,18674,7,"{""source_sid"": [207, 180, 253], ""successor_sid"": [160, 211, 130], ""event_count"": 7}"
frequent_behavior_pair_lcp0,7274,14547,7,"{""source_sid"": [229, 197, 59], ""successor_sid"": [80, 92, 108], ""event_count"": 7}"
frequent_behavior_pair_lcp0,8150,10358,7,"{""source_sid"": [132, 228, 129], ""successor_sid"": [20, 208, 178], ""event_count"": 7}"
frequent_behavior_pair_lcp0,8379,24201,7,"{""source_sid"": [189, 206, 43], ""successor_sid"": [101, 226, 37], ""event_count"": 7}"
frequent_behavior_pair_lcp0,8820,8150,7,"{""source_sid"": [20, 102, 235], ""successor_sid"": [132, 228, 129], ""event_count"": 7}"
frequent_behavior_pair_lcp0,9473,22664,7,"{""source_sid"": [189, 38, 241], ""successor_sid"": [19, 235, 60], ""event_count"": 7}"
frequent_behavior_pair_lcp0,9779,20159,7,"{""source_sid"": [93, 21, 141], ""successor_sid"": [190, 243, 165], ""event_count"": 7}"
frequent_behavior_pair_lcp0,10080,6611,7,"{""source_sid"": [21, 195, 124], ""successor_sid"": [174, 216, 141], ""event_count"": 7}"
frequent_behavior_pair_lcp0,10407,21169,7,"{""source_sid"": [20, 112, 29], ""successor_sid"": [213, 74, 21], ""event_count"": 7}"
frequent_behavior_pair_lcp0,12125,8820,7,"{""source_sid"": [28, 196, 81], ""successor_sid"": [20, 102, 235], ""event_count"": 7}"
frequent_behavior_pair_lcp0,15997,1965,7,"{""source_sid"": [25, 129, 45], ""successor_sid"": [30, 145, 118], ""event_count"": 7}"
frequent_behavior_pair_lcp0,19455,23516,7,"{""source_sid"": [229, 65, 98], ""successor_sid"": [205, 18, 50], ""event_count"": 7}"
frequent_behavior_pair_lcp0,20159,24366,7,"{""source_sid"": [190, 243, 165], ""successor_sid"": [65, 213, 231], ""event_count"": 7}"
frequent_behavior_pair_lcp0,20290,19314,7,"{""source_sid"": [252, 195, 22], ""successor_sid"": [80, 97, 183], ""event_count"": 7}"
frequent_behavior_pair_lcp0,21034,11060,7,"{""source_sid"": [75, 200, 239], ""successor_sid"": [229, 190, 47], ""event_count"": 7}"
frequent_behavior_pair_lcp0,21169,11060,7,"{""source_sid"": [213, 74, 21], ""successor_sid"": [229, 190, 47], ""event_count"": 7}"
frequent_behavior_pair_lcp0,21191,9660,7,"{""source_sid"": [161, 2, 219], ""successor_sid"": [213, 147, 161], ""event_count"": 7}"
frequent_behavior_pair_lcp0,22212,11920,7,"{""source_sid"": [148, 128, 160], ""successor_sid"": [80, 174, 66], ""event_count"": 7}"
frequent_behavior_pair_lcp0,22499,23516,7,"{""source_sid"": [130, 175, 98], ""successor_sid"": [205, 18, 50], ""event_count"": 7}"
frequent_behavior_pair_lcp0,22499,23602,7,"{""source_sid"": [130, 175, 98], ""successor_sid"": [13, 16, 72], ""event_count"": 7}"
frequent_behavior_pair_lcp0,22645,23516,7,"{""source_sid"": [230, 236, 68], ""successor_sid"": [205, 18, 50], ""event_count"": 7}"
frequent_behavior_pair_lcp0,23238,4508,7,"{""source_sid"": [112, 166, 35], ""successor_sid"": [229, 212, 250], ""event_count"": 7}"
frequent_behavior_pair_lcp0,23238,22890,7,"{""source_sid"": [112, 166, 35], ""successor_sid"": [229, 7, 206], ""event_count"": 7}"
frequent_behavior_pair_lcp0,23516,20159,7,"{""source_sid"": [205, 18, 50], ""successor_sid"": [190, 243, 165], ""event_count"": 7}"
frequent_behavior_pair_lcp0,23516,22664,7,"{""source_sid"": [205, 18, 50], ""successor_sid"": [19, 235, 60], ""event_count"": 7}"
frequent_behavior_pair_lcp0,23516,23602,7,"{""source_sid"": [205, 18, 50], ""successor_sid"": [13, 16, 72], ""event_count"": 7}"
frequent_behavior_pair_lcp0,23602,4508,7,"{""source_sid"": [13, 16, 72], ""successor_sid"": [229, 212, 250], ""event_count"": 7}"
frequent_behavior_pair_lcp0,23602,7274,7,"{""source_sid"": [13, 16, 72], ""successor_sid"": [229, 197, 59], ""event_count"": 7}"
frequent_behavior_pair_lcp0,1889,22212,6,"{""source_sid"": [30, 203, 176], ""successor_sid"": [148, 128, 160], ""event_count"": 6}"
frequent_behavior_pair_lcp0,2857,1055,6,"{""source_sid"": [26, 216, 179], ""successor_sid"": [137, 83, 174], ""event_count"": 6}"
frequent_behavior_pair_lcp0,4508,22664,6,"{""source_sid"": [229, 212, 250], ""successor_sid"": [19, 235, 60], ""event_count"": 6}"
frequent_behavior_pair_lcp0,6574,14707,6,"{""source_sid"": [207, 180, 253], ""successor_sid"": [199, 245, 108], ""event_count"": 6}"
frequent_behavior_pair_lcp0,7036,23602,6,"{""source_sid"": [229, 172, 55], ""successor_sid"": [13, 16, 72], ""event_count"": 6}"
frequent_behavior_pair_lcp0,8658,23602,6,"{""source_sid"": [149, 111, 209], ""successor_sid"": [13, 16, 72], ""event_count"": 6}"
geometry_near_sid_lcp0,17732,22224,1.328133463859558,"{""sid_i"": [253, 211, 77], ""sid_j"": [73, 19, 55], ""d_hyperbolic"": 1.328133463859558, ""d_euclidean_scale_matched"": 0.9490681589412763}"
geometry_near_sid_lcp0,22350,22150,1.4072061777114868,"{""sid_i"": [153, 110, 150], ""sid_j"": [42, 44, 104], ""d_hyperbolic"": 1.4072061777114868, ""d_euclidean_scale_matched"": 1.1361181870643633}"
geometry_near_sid_lcp0,21029,23897,1.4581141471862793,"{""sid_i"": [105, 104, 197], ""sid_j"": [111, 99, 56], ""d_hyperbolic"": 1.4581141471862793, ""d_euclidean_scale_matched"": 1.3397252664768895}"
geometry_near_sid_lcp0,21330,21401,1.5684350728988647,"{""sid_i"": [69, 38, 122], ""sid_j"": [199, 193, 188], ""d_hyperbolic"": 1.5684350728988647, ""d_euclidean_scale_matched"": 1.1766645667112554}"
geometry_near_sid_lcp0,16448,14052,1.5814142227172852,"{""sid_i"": [183, 169, 69], ""sid_j"": [134, 154, 212], ""d_hyperbolic"": 1.5814142227172852, ""d_euclidean_scale_matched"": 1.1976834012942306}"
geometry_near_sid_lcp0,8865,2466,1.6063101291656494,"{""sid_i"": [223, 176, 97], ""sid_j"": [227, 128, 236], ""d_hyperbolic"": 1.6063101291656494, ""d_euclidean_scale_matched"": 1.1303735250233908}"
geometry_near_sid_lcp0,16050,15556,1.6331913471221924,"{""sid_i"": [10, 202, 239], ""sid_j"": [232, 164, 172], ""d_hyperbolic"": 1.6331913471221924, ""d_euclidean_scale_matched"": 1.4628422490803903}"
geometry_near_sid_lcp0,3467,1177,1.6409753561019897,"{""sid_i"": [181, 212, 191], ""sid_j"": [2, 210, 119], ""d_hyperbolic"": 1.6409753561019897, ""d_euclidean_scale_matched"": 1.1549395045365791}"
geometry_near_sid_lcp0,18613,21227,1.6481797695159912,"{""sid_i"": [144, 147, 81], ""sid_j"": [42, 113, 55], ""d_hyperbolic"": 1.6481797695159912, ""d_euclidean_scale_matched"": 1.4806876214876463}"
geometry_near_sid_lcp0,24257,22470,1.6498267650604248,"{""sid_i"": [152, 218, 215], ""sid_j"": [176, 175, 194], ""d_hyperbolic"": 1.6498267650604248, ""d_euclidean_scale_matched"": 1.359674435175562}"
geometry_near_sid_lcp0,22848,20976,1.650631070137024,"{""sid_i"": [5, 129, 67], ""sid_j"": [76, 210, 161], ""d_hyperbolic"": 1.650631070137024, ""d_euclidean_scale_matched"": 1.752688649329851}"
geometry_near_sid_lcp0,17017,16515,1.6555414199829102,"{""sid_i"": [97, 199, 96], ""sid_j"": [232, 156, 96], ""d_hyperbolic"": 1.6555414199829102, ""d_euclidean_scale_matched"": 1.2387907452645852}"
geometry_near_sid_lcp0,22519,22045,1.6622955799102783,"{""sid_i"": [42, 174, 208], ""sid_j"": [144, 242, 31], ""d_hyperbolic"": 1.6622955799102783, ""d_euclidean_scale_matched"": 1.5655471413634598}"
geometry_near_sid_lcp0,18502,9578,1.6778315305709839,"{""sid_i"": [74, 91, 57], ""sid_j"": [11, 91, 189], ""d_hyperbolic"": 1.6778315305709839, ""d_euclidean_scale_matched"": 1.4603150683873307}"
geometry_near_sid_lcp0,21990,20244,1.6909347772598267,"{""sid_i"": [5, 155, 4], ""sid_j"": [197, 128, 161], ""d_hyperbolic"": 1.6909347772598267, ""d_euclidean_scale_matched"": 1.4341359863003962}"
geometry_near_sid_lcp0,22483,17490,1.7060145139694214,"{""sid_i"": [253, 2, 7], ""sid_j"": [155, 189, 187], ""d_hyperbolic"": 1.7060145139694214, ""d_euclidean_scale_matched"": 1.3273337094346946}"
geometry_near_sid_lcp0,23151,23422,1.7134554386138916,"{""sid_i"": [119, 219, 69], ""sid_j"": [144, 210, 191], ""d_hyperbolic"": 1.7134554386138916, ""d_euclidean_scale_matched"": 1.6226371264435575}"
geometry_near_sid_lcp0,19474,23531,1.7137622833251953,"{""sid_i"": [153, 150, 229], ""sid_j"": [203, 226, 121], ""d_hyperbolic"": 1.7137622833251953, ""d_euclidean_scale_matched"": 1.3952500898635025}"
geometry_near_sid_lcp0,14803,15914,1.729622721672058,"{""sid_i"": [18, 72, 201], ""sid_j"": [196, 251, 198], ""d_hyperbolic"": 1.729622721672058, ""d_euclidean_scale_matched"": 1.490995951197068}"
geometry_near_sid_lcp0,23840,23681,1.737766146659851,"{""sid_i"": [135, 155, 169], ""sid_j"": [144, 83, 73], ""d_hyperbolic"": 1.737766146659851, ""d_euclidean_scale_matched"": 1.544480365900223}"
geometry_near_sid_lcp0,4723,11152,1.7395875453948975,"{""sid_i"": [188, 216, 113], ""sid_j"": [193, 237, 38], ""d_hyperbolic"": 1.7395875453948975, ""d_euclidean_scale_matched"": 1.2450473902955976}"
geometry_near_sid_lcp0,21226,24510,1.763507604598999,"{""sid_i"": [86, 174, 190], ""sid_j"": [172, 177, 235], ""d_hyperbolic"": 1.763507604598999, ""d_euclidean_scale_matched"": 1.4835487076105085}"
geometry_near_sid_lcp0,21828,18678,1.7646604776382446,"{""sid_i"": [159, 182, 159], ""sid_j"": [14, 199, 139], ""d_hyperbolic"": 1.7646604776382446, ""d_euclidean_scale_matched"": 1.5509374182170037}"
geometry_near_sid_lcp0,9580,14903,1.7662566900253296,"{""sid_i"": [164, 1, 67], ""sid_j"": [196, 28, 239], ""d_hyperbolic"": 1.7662566900253296, ""d_euclidean_scale_matched"": 1.4587074882188231}"
geometry_near_sid_lcp0,19644,12871,1.7696188688278198,"{""sid_i"": [65, 178, 54], ""sid_j"": [123, 255, 148], ""d_hyperbolic"": 1.7696188688278198, ""d_euclidean_scale_matched"": 1.2549691516383015}"
geometry_near_sid_lcp0,21624,24429,1.7767964601516724,"{""sid_i"": [84, 134, 44], ""sid_j"": [38, 152, 188], ""d_hyperbolic"": 1.7767964601516724, ""d_euclidean_scale_matched"": 1.3488189871732041}"
geometry_near_sid_lcp0,13388,10029,1.7800605297088623,"{""sid_i"": [116, 113, 29], ""sid_j"": [11, 137, 251], ""d_hyperbolic"": 1.7800605297088623, ""d_euclidean_scale_matched"": 1.248741719330654}"
geometry_near_sid_lcp0,7367,6407,1.788406491279602,"{""sid_i"": [241, 185, 190], ""sid_j"": [87, 159, 96], ""d_hyperbolic"": 1.788406491279602, ""d_euclidean_scale_matched"": 1.2825167497713035}"
geometry_near_sid_lcp0,19603,19904,1.797086477279663,"{""sid_i"": [159, 111, 56], ""sid_j"": [197, 217, 44], ""d_hyperbolic"": 1.797086477279663, ""d_euclidean_scale_matched"": 1.5656172518995355}"
geometry_near_sid_lcp0,21533,22797,1.7983314990997314,"{""sid_i"": [121, 183, 146], ""sid_j"": [235, 166, 136], ""d_hyperbolic"": 1.7983314990997314, ""d_euclidean_scale_matched"": 1.437150579281926}"
geometry_near_sid_lcp0,22127,24218,1.805124282836914,"{""sid_i"": [5, 157, 254], ""sid_j"": [95, 8, 11], ""d_hyperbolic"": 1.805124282836914, ""d_euclidean_scale_matched"": 1.4801960473865323}"
geometry_near_sid_lcp0,22331,12488,1.8102123737335205,"{""sid_i"": [99, 213, 1], ""sid_j"": [110, 84, 188], ""d_hyperbolic"": 1.8102123737335205, ""d_euclidean_scale_matched"": 1.1963867565511264}"
geometry_near_sid_lcp0,15712,16154,1.810354471206665,"{""sid_i"": [164, 145, 9], ""sid_j"": [134, 141, 18], ""d_hyperbolic"": 1.810354471206665, ""d_euclidean_scale_matched"": 1.5098292738980637}"
geometry_near_sid_lcp0,19166,23895,1.8111536502838135,"{""sid_i"": [36, 34, 72], ""sid_j"": [14, 216, 127], ""d_hyperbolic"": 1.8111536502838135, ""d_euclidean_scale_matched"": 1.4325091977658404}"
geometry_near_sid_lcp0,14535,20603,1.8124370574951172,"{""sid_i"": [191, 69, 122], ""sid_j"": [157, 187, 38], ""d_hyperbolic"": 1.8124370574951172, ""d_euclidean_scale_matched"": 1.4640917532918183}"
geometry_near_sid_lcp0,21946,19755,1.8150497674942017,"{""sid_i"": [219, 78, 37], ""sid_j"": [3, 9, 143], ""d_hyperbolic"": 1.8150497674942017, ""d_euclidean_scale_matched"": 1.621032427529957}"
geometry_near_sid_lcp0,10351,19146,1.820988655090332,"{""sid_i"": [131, 38, 139], ""sid_j"": [104, 137, 9], ""d_hyperbolic"": 1.820988655090332, ""d_euclidean_scale_matched"": 1.42956231427463}"
geometry_near_sid_lcp0,16879,17274,1.8223073482513428,"{""sid_i"": [244, 54, 187], ""sid_j"": [88, 24, 34], ""d_hyperbolic"": 1.8223073482513428, ""d_euclidean_scale_matched"": 1.4071944921510697}"
geometry_near_sid_lcp0,19203,6576,1.823055386543274,"{""sid_i"": [101, 6, 224], ""sid_j"": [138, 57, 162], ""d_hyperbolic"": 1.823055386543274, ""d_euclidean_scale_matched"": 1.4910065157983945}"
geometry_near_sid_lcp0,18288,15085,1.8232221603393555,"{""sid_i"": [191, 187, 110], ""sid_j"": [196, 117, 95], ""d_hyperbolic"": 1.8232221603393555, ""d_euclidean_scale_matched"": 1.4117414325340856}"
geometry_near_sid_lcp0,15891,19131,1.823390245437622,"{""sid_i"": [23, 113, 121], ""sid_j"": [125, 106, 195], ""d_hyperbolic"": 1.823390245437622, ""d_euclidean_scale_matched"": 1.4817876205833334}"
geometry_near_sid_lcp0,21852,19964,1.8256916999816895,"{""sid_i"": [236, 27, 166], ""sid_j"": [7, 109, 217], ""d_hyperbolic"": 1.8256916999816895, ""d_euclidean_scale_matched"": 1.653679766813867}"
geometry_near_sid_lcp0,18763,20458,1.8267909288406372,"{""sid_i"": [36, 207, 83], ""sid_j"": [168, 19, 154], ""d_hyperbolic"": 1.8267909288406372, ""d_euclidean_scale_matched"": 1.401564039853225}"
geometry_near_sid_lcp0,16842,21332,1.8279805183410645,"{""sid_i"": [157, 20, 211], ""sid_j"": [172, 241, 207], ""d_hyperbolic"": 1.8279805183410645, ""d_euclidean_scale_matched"": 1.4379582910742479}"
geometry_near_sid_lcp0,22007,20690,1.8283745050430298,"{""sid_i"": [81, 254, 174], ""sid_j"": [197, 202, 72], ""d_hyperbolic"": 1.8283745050430298, ""d_euclidean_scale_matched"": 1.540210986406602}"
geometry_near_sid_lcp0,468,415,1.8302826881408691,"{""sid_i"": [54, 45, 84], ""sid_j"": [137, 170, 153], ""d_hyperbolic"": 1.8302826881408691, ""d_euclidean_scale_matched"": 1.3286682106658854}"
geometry_near_sid_lcp0,20741,16810,1.8313244581222534,"{""sid_i"": [66, 148, 172], ""sid_j"": [23, 30, 110], ""d_hyperbolic"": 1.8313244581222534, ""d_euclidean_scale_matched"": 1.6003147641196442}"
geometry_near_sid_lcp0,389,3492,1.8325735330581665,"{""sid_i"": [32, 174, 31], ""sid_j"": [106, 129, 146], ""d_hyperbolic"": 1.8325735330581665, ""d_euclidean_scale_matched"": 1.4484319728014001}"
geometry_near_sid_lcp0,11569,16769,1.8406044244766235,"{""sid_i"": [84, 137, 205], ""sid_j"": [11, 65, 105], ""d_hyperbolic"": 1.8406044244766235, ""d_euclidean_scale_matched"": 1.5500061326031058}"
geometry_near_sid_lcp0,19289,21541,1.8414323329925537,"{""sid_i"": [67, 142, 21], ""sid_j"": [232, 215, 141], ""d_hyperbolic"": 1.8414323329925537, ""d_euclidean_scale_matched"": 1.5734882000271722}"
geometry_near_sid_lcp0,20832,19278,1.8447954654693604,"{""sid_i"": [22, 186, 6], ""sid_j"": [203, 252, 188], ""d_hyperbolic"": 1.8447954654693604, ""d_euclidean_scale_matched"": 1.8172430054562343}"
geometry_near_sid_lcp0,16790,22301,1.8454455137252808,"{""sid_i"": [107, 137, 135], ""sid_j"": [76, 93, 121], ""d_hyperbolic"": 1.8454455137252808, ""d_euclidean_scale_matched"": 1.7885069697088656}"
geometry_near_sid_lcp0,18896,23734,1.8462932109832764,"{""sid_i"": [125, 215, 91], ""sid_j"": [122, 250, 38], ""d_hyperbolic"": 1.8462932109832764, ""d_euclidean_scale_matched"": 1.5393211588494247}"
geometry_near_sid_lcp0,23260,13792,1.8515570163726807,"{""sid_i"": [159, 120, 157], ""sid_j"": [203, 158, 168], ""d_hyperbolic"": 1.8515570163726807, ""d_euclidean_scale_matched"": 1.842457987637272}"
geometry_near_sid_lcp0,15515,17610,1.8569424152374268,"{""sid_i"": [164, 75, 188], ""sid_j"": [232, 241, 198], ""d_hyperbolic"": 1.8569424152374268, ""d_euclidean_scale_matched"": 1.6259953891076309}"
geometry_near_sid_lcp0,21894,23447,1.8663592338562012,"{""sid_i"": [144, 50, 150], ""sid_j"": [42, 86, 109], ""d_hyperbolic"": 1.8663592338562012, ""d_euclidean_scale_matched"": 1.880151844891165}"
geometry_near_sid_lcp0,4451,7164,1.8719531297683716,"{""sid_i"": [200, 148, 192], ""sid_j"": [61, 83, 22], ""d_hyperbolic"": 1.8719531297683716, ""d_euclidean_scale_matched"": 1.4358384878111248}"
geometry_near_sid_lcp0,15691,12797,1.8745739459991455,"{""sid_i"": [232, 145, 48], ""sid_j"": [164, 81, 46], ""d_hyperbolic"": 1.8745739459991455, ""d_euclidean_scale_matched"": 1.5030898586003762}"
geometry_near_sid_lcp0,1900,371,1.8749812841415405,"{""sid_i"": [20, 168, 187], ""sid_j"": [148, 175, 220], ""d_hyperbolic"": 1.8749812841415405, ""d_euclidean_scale_matched"": 1.6491064149275352}"
geometry_near_sid_lcp0,15211,14450,1.876371145248413,"{""sid_i"": [222, 252, 198], ""sid_j"": [204, 255, 121], ""d_hyperbolic"": 1.876371145248413, ""d_euclidean_scale_matched"": 2.1113291723016583}"
geometry_near_sid_lcp0,9836,6608,1.88192880153656,"{""sid_i"": [225, 113, 194], ""sid_j"": [55, 179, 246], ""d_hyperbolic"": 1.88192880153656, ""d_euclidean_scale_matched"": 1.6895717192627326}"
geometry_near_sid_lcp0,9901,10093,1.8819786310195923,"{""sid_i"": [57, 2, 58], ""sid_j"": [202, 102, 74], ""d_hyperbolic"": 1.8819786310195923, ""d_euclidean_scale_matched"": 1.744817220993063}"
geometry_near_sid_lcp0,11226,20553,1.8871676921844482,"{""sid_i"": [86, 30, 4], ""sid_j"": [122, 101, 192], ""d_hyperbolic"": 1.8871676921844482, ""d_euclidean_scale_matched"": 1.6771563918675532}"
geometry_near_sid_lcp0,7253,21844,1.8892123699188232,"{""sid_i"": [92, 201, 191], ""sid_j"": [76, 172, 252], ""d_hyperbolic"": 1.8892123699188232, ""d_euclidean_scale_matched"": 1.7053057721018698}"
geometry_near_sid_lcp0,11910,10261,1.8905713558197021,"{""sid_i"": [1, 162, 148], ""sid_j"": [130, 140, 236], ""d_hyperbolic"": 1.8905713558197021, ""d_euclidean_scale_matched"": 1.4273162160047408}"
geometry_near_sid_lcp0,23612,16119,1.8911761045455933,"{""sid_i"": [134, 194, 140], ""sid_j"": [164, 247, 96], ""d_hyperbolic"": 1.8911761045455933, ""d_euclidean_scale_matched"": 1.4614909405289076}"
geometry_near_sid_lcp0,22075,21390,1.8962082862854004,"{""sid_i"": [139, 76, 81], ""sid_j"": [144, 75, 33], ""d_hyperbolic"": 1.8962082862854004, ""d_euclidean_scale_matched"": 1.7807618363788438}"
geometry_near_sid_lcp0,13995,19899,1.8998522758483887,"{""sid_i"": [193, 167, 150], ""sid_j"": [123, 152, 101], ""d_hyperbolic"": 1.8998522758483887, ""d_euclidean_scale_matched"": 1.3964334852817815}"
geometry_near_sid_lcp0,17875,23310,1.9001938104629517,"{""sid_i"": [203, 140, 206], ""sid_j"": [36, 82, 160], ""d_hyperbolic"": 1.9001938104629517, ""d_euclidean_scale_matched"": 1.6729827340647385}"
geometry_near_sid_lcp0,8095,7240,1.9002678394317627,"{""sid_i"": [200, 19, 141], ""sid_j"": [146, 14, 5], ""d_hyperbolic"": 1.9002678394317627, ""d_euclidean_scale_matched"": 1.5350908363667681}"
geometry_near_sid_lcp0,6242,15606,1.901349663734436,"{""sid_i"": [49, 129, 119], ""sid_j"": [193, 2, 221], ""d_hyperbolic"": 1.901349663734436, ""d_euclidean_scale_matched"": 1.459847664813494}"
geometry_near_sid_lcp0,18493,19301,1.901660680770874,"{""sid_i"": [36, 254, 46], ""sid_j"": [219, 183, 211], ""d_hyperbolic"": 1.901660680770874, ""d_euclidean_scale_matched"": 1.3742332561519908}"
geometry_near_sid_lcp0,19481,19699,1.9083133935928345,"{""sid_i"": [83, 194, 162], ""sid_j"": [246, 68, 216], ""d_hyperbolic"": 1.9083133935928345, ""d_euclidean_scale_matched"": 1.6765652544024234}"
geometry_near_sid_lcp0,22004,23422,1.910361409187317,"{""sid_i"": [135, 76, 109], ""sid_j"": [144, 210, 191], ""d_hyperbolic"": 1.910361409187317, ""d_euclidean_scale_matched"": 1.8446869584474352}"
geometry_near_sid_lcp0,19012,23429,1.91059148311615,"{""sid_i"": [119, 155, 69], ""sid_j"": [203, 177, 85], ""d_hyperbolic"": 1.91059148311615, ""d_euclidean_scale_matched"": 1.5398748400007607}"
geometry_near_sid_lcp0,6735,19921,1.9116085767745972,"{""sid_i"": [249, 132, 52], ""sid_j"": [39, 152, 25], ""d_hyperbolic"": 1.9116085767745972, ""d_euclidean_scale_matched"": 1.6236969480402605}"
geometry_near_sid_lcp0,22584,21081,1.9153215885162354,"{""sid_i"": [86, 115, 180], ""sid_j"": [5, 242, 180], ""d_hyperbolic"": 1.9153215885162354, ""d_euclidean_scale_matched"": 1.739616555885544}"
geometry_near_sid_lcp0,21179,21043,1.9165451526641846,"{""sid_i"": [139, 159, 147], ""sid_j"": [81, 211, 46], ""d_hyperbolic"": 1.9165451526641846, ""d_euclidean_scale_matched"": 1.6454800354873738}"
geometry_near_sid_lcp0,8907,12706,1.917549729347229,"{""sid_i"": [116, 86, 245], ""sid_j"": [165, 200, 98], ""d_hyperbolic"": 1.917549729347229, ""d_euclidean_scale_matched"": 1.5179231991415754}"
geometry_near_sid_lcp0,19098,20036,1.9224094152450562,"{""sid_i"": [76, 160, 195], ""sid_j"": [197, 63, 147], ""d_hyperbolic"": 1.9224094152450562, ""d_euclidean_scale_matched"": 2.4028015607370894}"
geometry_near_sid_lcp0,20006,6085,1.9231534004211426,"{""sid_i"": [193, 239, 60], ""sid_j"": [146, 170, 199], ""d_hyperbolic"": 1.9231534004211426, ""d_euclidean_scale_matched"": 1.485799928111344}"
geometry_near_sid_lcp0,22522,23883,1.9231899976730347,"{""sid_i"": [42, 115, 215], ""sid_j"": [139, 118, 227], ""d_hyperbolic"": 1.9231899976730347, ""d_euclidean_scale_matched"": 1.8047754953332908}"
geometry_near_sid_lcp0,22093,23625,1.9239909648895264,"{""sid_i"": [95, 205, 94], ""sid_j"": [86, 23, 27], ""d_hyperbolic"": 1.9239909648895264, ""d_euclidean_scale_matched"": 1.6852868130065561}"
geometry_near_sid_lcp0,1964,1065,1.9281589984893799,"{""sid_i"": [208, 57, 204], ""sid_j"": [246, 125, 1], ""d_hyperbolic"": 1.9281589984893799, ""d_euclidean_scale_matched"": 1.435969264769969}"
geometry_near_sid_lcp0,17911,10251,1.9283108711242676,"{""sid_i"": [232, 42, 88], ""sid_j"": [183, 198, 162], ""d_hyperbolic"": 1.9283108711242676, ""d_euclidean_scale_matched"": 1.5154385969932556}"
geometry_near_sid_lcp0,4121,1094,1.9285110235214233,"{""sid_i"": [68, 115, 187], ""sid_j"": [100, 120, 41], ""d_hyperbolic"": 1.9285110235214233, ""d_euclidean_scale_matched"": 1.3695232047272832}"
geometry_near_sid_lcp0,13170,10964,1.9296410083770752,"{""sid_i"": [154, 61, 34], ""sid_j"": [56, 228, 223], ""d_hyperbolic"": 1.9296410083770752, ""d_euclidean_scale_matched"": 1.6299521524438194}"
geometry_near_sid_lcp0,21733,18072,1.935552954673767,"{""sid_i"": [24, 160, 110], ""sid_j"": [55, 174, 221], ""d_hyperbolic"": 1.935552954673767, ""d_euclidean_scale_matched"": 1.484754192649743}"
geometry_near_sid_lcp0,16481,21669,1.9357035160064697,"{""sid_i"": [192, 209, 143], ""sid_j"": [67, 213, 186], ""d_hyperbolic"": 1.9357035160064697, ""d_euclidean_scale_matched"": 1.5514429183835026}"
geometry_near_sid_lcp0,15592,14698,1.9369642734527588,"{""sid_i"": [127, 251, 51], ""sid_j"": [97, 137, 165], ""d_hyperbolic"": 1.9369642734527588, ""d_euclidean_scale_matched"": 1.4653572644749528}"
geometry_near_sid_lcp0,9187,17442,1.937190294265747,"{""sid_i"": [72, 25, 86], ""sid_j"": [65, 14, 51], ""d_hyperbolic"": 1.937190294265747, ""d_euclidean_scale_matched"": 1.6271056326652102}"
geometry_near_sid_lcp0,23729,16017,1.9375441074371338,"{""sid_i"": [114, 152, 51], ""sid_j"": [125, 63, 252], ""d_hyperbolic"": 1.9375441074371338, ""d_euclidean_scale_matched"": 1.7339441653218275}"
geometry_near_sid_lcp0,23476,17995,1.9404155015945435,"{""sid_i"": [134, 197, 206], ""sid_j"": [183, 43, 92], ""d_hyperbolic"": 1.9404155015945435, ""d_euclidean_scale_matched"": 1.8246686396309897}"
geometry_near_sid_lcp0,17996,14024,1.9449900388717651,"{""sid_i"": [164, 4, 118], ""sid_j"": [196, 70, 92], ""d_hyperbolic"": 1.9449900388717651, ""d_euclidean_scale_matched"": 1.675060919201424}"
geometry_near_sid_lcp0,12409,20071,1.9477907419204712,"{""sid_i"": [43, 194, 69], ""sid_j"": [85, 209, 220], ""d_hyperbolic"": 1.9477907419204712, ""d_euclidean_scale_matched"": 1.7653776959412157}"
geometry_near_sid_lcp0,8365,6210,1.947812557220459,"{""sid_i"": [210, 12, 25], ""sid_j"": [40, 2, 89], ""d_hyperbolic"": 1.947812557220459, ""d_euclidean_scale_matched"": 1.7120928881752435}"
geometry_near_sid_lcp0,16885,15561,1.9485071897506714,"{""sid_i"": [67, 89, 132], ""sid_j"": [192, 174, 124], ""d_hyperbolic"": 1.9485071897506714, ""d_euclidean_scale_matched"": 2.040535458673706}"
geometry_near_sid_lcp0,21432,19319,1.9490225315093994,"{""sid_i"": [67, 82, 91], ""sid_j"": [125, 78, 243], ""d_hyperbolic"": 1.9490225315093994, ""d_euclidean_scale_matched"": 1.559374372864191}"
geometry_near_sid_lcp0,21395,18822,1.9543523788452148,"{""sid_i"": [172, 111, 147], ""sid_j"": [125, 220, 109], ""d_hyperbolic"": 1.9543523788452148, ""d_euclidean_scale_matched"": 1.771859879203576}"
geometry_near_sid_lcp0,16078,17578,1.9548490047454834,"{""sid_i"": [232, 171, 96], ""sid_j"": [97, 62, 254], ""d_hyperbolic"": 1.9548490047454834, ""d_euclidean_scale_matched"": 1.5524435141848907}"
