level,code_id,item_count,share
L1,0,96,0.0039045023793061375
L1,1,101,0.004107861878228332
L1,2,102,0.004148533778012771
L1,3,103,0.0041892056777972095
L1,4,113,0.0045959246756415995
L1,5,66,0.0026843453857729694
L1,6,108,0.004392565176719405
L1,7,100,0.004067189978443893
L1,8,86,0.003497783381461748
L1,9,96,0.0039045023793061375
L1,10,87,0.003538455281246187
L1,11,99,0.004026518078659455
L1,12,95,0.0038638304795216983
L1,13,111,0.004514580876072721
L1,14,94,0.0038231585797372596
L1,15,96,0.0039045023793061375
L1,16,110,0.004473908976288282
L1,17,107,0.004351893276934965
L1,18,87,0.003538455281246187
L1,19,97,0.003945174279090576
L1,20,122,0.00496197177370155
L1,21,95,0.0038638304795216983
L1,22,76,0.003091064383617359
L1,23,87,0.003538455281246187
L1,24,97,0.003945174279090576
L1,25,119,0.004839956074348233
L1,26,83,0.0033757676821084314
L1,27,105,0.004270549477366088
L1,28,101,0.004107861878228332
L1,29,85,0.0034571114816773093
L1,30,114,0.004636596575426038
L1,31,102,0.004148533778012771
L1,32,116,0.004717940374994916
L1,33,93,0.0037824866799528204
L1,34,80,0.0032537519827551143
L1,35,111,0.004514580876072721
L1,36,98,0.003985846178875015
L1,37,102,0.004148533778012771
L1,38,100,0.004067189978443893
L1,39,105,0.004270549477366088
L1,40,105,0.004270549477366088
L1,41,83,0.0033757676821084314
L1,42,57,0.002318298287713019
L1,43,85,0.0034571114816773093
L1,44,127,0.005165331272623744
L1,45,115,0.004677268475210477
L1,46,108,0.004392565176719405
L1,47,84,0.00341643958189287
L1,48,108,0.004392565176719405
L1,49,82,0.003335095782323992
L1,50,87,0.003538455281246187
L1,51,65,0.0026436734859885307
L1,52,107,0.004351893276934965
L1,53,110,0.004473908976288282
L1,54,81,0.0032944238825395535
L1,55,99,0.004026518078659455
L1,56,73,0.002969048684264042
L1,57,86,0.003497783381461748
L1,58,91,0.0037011428803839425
L1,59,101,0.004107861878228332
L1,60,87,0.003538455281246187
L1,61,114,0.004636596575426038
L1,62,82,0.003335095782323992
L1,63,81,0.0032944238825395535
L1,64,94,0.0038231585797372596
L1,65,110,0.004473908976288282
L1,66,81,0.0032944238825395535
L1,67,92,0.0037418147801683817
L1,68,97,0.003945174279090576
L1,69,91,0.0037011428803839425
L1,70,101,0.004107861878228332
L1,71,108,0.004392565176719405
L1,72,108,0.004392565176719405
L1,73,107,0.004351893276934965
L1,74,103,0.0041892056777972095
L1,75,111,0.004514580876072721
L1,76,66,0.0026843453857729694
L1,77,96,0.0039045023793061375
L1,78,116,0.004717940374994916
L1,79,91,0.0037011428803839425
L1,80,123,0.0050026436734859885
L1,81,60,0.0024403139870663357
L1,82,77,0.0031317362834017977
L1,83,111,0.004514580876072721
L1,84,87,0.003538455281246187
L1,85,108,0.004392565176719405
L1,86,66,0.0026843453857729694
L1,87,111,0.004514580876072721
L1,88,80,0.0032537519827551143
L1,89,80,0.0032537519827551143
L1,90,101,0.004107861878228332
L1,91,85,0.0034571114816773093
L1,92,80,0.0032537519827551143
L1,93,105,0.004270549477366088
L1,94,116,0.004717940374994916
L1,95,80,0.0032537519827551143
L1,96,102,0.004148533778012771
L1,97,84,0.00341643958189287
L1,98,106,0.004311221377150527
L1,99,76,0.003091064383617359
L1,100,107,0.004351893276934965
L1,101,110,0.004473908976288282
L1,102,93,0.0037824866799528204
L1,103,120,0.0048806279741326715
L1,104,104,0.004229877577581649
L1,105,83,0.0033757676821084314
L1,106,92,0.0037418147801683817
L1,107,83,0.0033757676821084314
L1,108,100,0.004067189978443893
L1,109,107,0.004351893276934965
L1,110,80,0.0032537519827551143
L1,111,95,0.0038638304795216983
L1,112,105,0.004270549477366088
L1,113,123,0.0050026436734859885
L1,114,94,0.0038231585797372596
L1,115,117,0.004758612274779355
L1,116,106,0.004311221377150527
L1,117,82,0.003335095782323992
L1,118,102,0.004148533778012771
L1,119,74,0.003009720584048481
L1,120,85,0.0034571114816773093
L1,121,81,0.0032944238825395535
L1,122,88,0.003579127181030626
L1,123,99,0.004026518078659455
L1,124,120,0.0048806279741326715
L1,125,97,0.003945174279090576
L1,126,107,0.004351893276934965
L1,127,96,0.0039045023793061375
L1,128,106,0.004311221377150527
L1,129,96,0.0039045023793061375
L1,130,99,0.004026518078659455
L1,131,110,0.004473908976288282
L1,132,129,0.005246675072192622
L1,133,96,0.0039045023793061375
L1,134,83,0.0033757676821084314
L1,135,63,0.002562329686419653
L1,136,58,0.002358970187497458
L1,137,76,0.003091064383617359
L1,138,115,0.004677268475210477
L1,139,76,0.003091064383617359
L1,140,106,0.004311221377150527
L1,141,86,0.003497783381461748
L1,142,104,0.004229877577581649
L1,143,88,0.003579127181030626
L1,144,63,0.002562329686419653
L1,145,99,0.004026518078659455
L1,146,102,0.004148533778012771
L1,147,91,0.0037011428803839425
L1,148,107,0.004351893276934965
L1,149,115,0.004677268475210477
L1,150,106,0.004311221377150527
L1,151,85,0.0034571114816773093
L1,152,74,0.003009720584048481
L1,153,63,0.002562329686419653
L1,154,89,0.003619799080815065
L1,155,91,0.0037011428803839425
L1,156,109,0.004433237076503844
L1,157,92,0.0037418147801683817
L1,158,88,0.003579127181030626
L1,159,75,0.0030503924838329198
L1,160,107,0.004351893276934965
L1,161,102,0.004148533778012771
L1,162,88,0.003579127181030626
L1,163,118,0.004799284174563794
L1,164,85,0.0034571114816773093
L1,165,104,0.004229877577581649
L1,166,101,0.004107861878228332
L1,167,85,0.0034571114816773093
L1,168,96,0.0039045023793061375
L1,169,69,0.002806361085126286
L1,170,112,0.004555252775857161
L1,171,85,0.0034571114816773093
L1,172,86,0.003497783381461748
L1,173,101,0.004107861878228332
L1,174,116,0.004717940374994916
L1,175,113,0.0045959246756415995
L1,176,81,0.0032944238825395535
L1,177,99,0.004026518078659455
L1,178,106,0.004311221377150527
L1,179,97,0.003945174279090576
L1,180,122,0.00496197177370155
L1,181,101,0.004107861878228332
L1,182,105,0.004270549477366088
L1,183,78,0.003172408183186237
L1,184,96,0.0039045023793061375
L1,185,95,0.0038638304795216983
L1,186,92,0.0037418147801683817
L1,187,93,0.0037824866799528204
L1,188,102,0.004148533778012771
L1,189,107,0.004351893276934965
L1,190,105,0.004270549477366088
L1,191,89,0.003619799080815065
L1,192,100,0.004067189978443893
L1,193,90,0.003660470980599504
L1,194,72,0.002928376784479603
L1,195,67,0.0027250172855574086
L1,196,90,0.003660470980599504
L1,197,63,0.002562329686419653
L1,198,111,0.004514580876072721
L1,199,99,0.004026518078659455
L1,200,101,0.004107861878228332
L1,201,125,0.005083987473054866
L1,202,112,0.004555252775857161
L1,203,87,0.003538455281246187
L1,204,78,0.003172408183186237
L1,205,102,0.004148533778012771
L1,206,98,0.003985846178875015
L1,207,119,0.004839956074348233
L1,208,110,0.004473908976288282
L1,209,112,0.004555252775857161
L1,210,101,0.004107861878228332
L1,211,87,0.003538455281246187
L1,212,106,0.004311221377150527
L1,213,113,0.0045959246756415995
L1,214,88,0.003579127181030626
L1,215,78,0.003172408183186237
L1,216,86,0.003497783381461748
L1,217,109,0.004433237076503844
L1,218,82,0.003335095782323992
L1,219,94,0.0038231585797372596
L1,220,107,0.004351893276934965
L1,221,92,0.0037418147801683817
L1,222,94,0.0038231585797372596
L1,223,95,0.0038638304795216983
L1,224,97,0.003945174279090576
L1,225,100,0.004067189978443893
L1,226,108,0.004392565176719405
L1,227,100,0.004067189978443893
L1,228,96,0.0039045023793061375
L1,229,117,0.004758612274779355
L1,230,110,0.004473908976288282
L1,231,103,0.0041892056777972095
L1,232,83,0.0033757676821084314
L1,233,113,0.0045959246756415995
L1,234,107,0.004351893276934965
L1,235,76,0.003091064383617359
L1,236,100,0.004067189978443893
L1,237,109,0.004433237076503844
L1,238,108,0.004392565176719405
L1,239,97,0.003945174279090576
L1,240,81,0.0032944238825395535
L1,241,107,0.004351893276934965
L1,242,114,0.004636596575426038
L1,243,79,0.0032130800829706756
L1,244,97,0.003945174279090576
L1,245,96,0.0039045023793061375
L1,246,101,0.004107861878228332
L1,247,108,0.004392565176719405
L1,248,85,0.0034571114816773093
L1,249,87,0.003538455281246187
L1,250,60,0.0024403139870663357
L1,251,109,0.004433237076503844
L1,252,109,0.004433237076503844
L1,253,95,0.0038638304795216983
L1,254,67,0.0027250172855574086
L1,255,101,0.004107861878228332
L2,0,65,0.0026436734859885307
L2,1,73,0.002969048684264042
L2,2,90,0.003660470980599504
L2,3,70,0.0028470329849107252
L2,4,99,0.004026518078659455
L2,5,81,0.0032944238825395535
L2,6,84,0.00341643958189287
L2,7,79,0.0032130800829706756
L2,8,87,0.003538455281246187
L2,9,75,0.0030503924838329198
L2,10,88,0.003579127181030626
L2,11,91,0.0037011428803839425
L2,12,68,0.0027656891853418473
L2,13,78,0.003172408183186237
L2,14,83,0.0033757676821084314
L2,15,91,0.0037011428803839425
L2,16,80,0.0032537519827551143
L2,17,85,0.0034571114816773093
L2,18,61,0.002480985886850775
L2,19,85,0.0034571114816773093
L2,20,58,0.002358970187497458
L2,21,82,0.003335095782323992
L2,22,81,0.0032944238825395535
L2,23,91,0.0037011428803839425
L2,24,91,0.0037011428803839425
L2,25,89,0.003619799080815065
L2,26,89,0.003619799080815065
L2,27,61,0.002480985886850775
L2,28,71,0.002887704884695164
L2,29,92,0.0037418147801683817
L2,30,101,0.004107861878228332
L2,31,79,0.0032130800829706756
L2,32,80,0.0032537519827551143
L2,33,75,0.0030503924838329198
L2,34,83,0.0033757676821084314
L2,35,82,0.003335095782323992
L2,36,71,0.002887704884695164
L2,37,89,0.003619799080815065
L2,38,93,0.0037824866799528204
L2,39,80,0.0032537519827551143
L2,40,81,0.0032944238825395535
L2,41,87,0.003538455281246187
L2,42,85,0.0034571114816773093
L2,43,74,0.003009720584048481
L2,44,81,0.0032944238825395535
L2,45,69,0.002806361085126286
L2,46,88,0.003579127181030626
L2,47,87,0.003538455281246187
L2,48,80,0.0032537519827551143
L2,49,88,0.003579127181030626
L2,50,90,0.003660470980599504
L2,51,78,0.003172408183186237
L2,52,77,0.0031317362834017977
L2,53,101,0.004107861878228332
L2,54,90,0.003660470980599504
L2,55,74,0.003009720584048481
L2,56,81,0.0032944238825395535
L2,57,78,0.003172408183186237
L2,58,85,0.0034571114816773093
L2,59,75,0.0030503924838329198
L2,60,85,0.0034571114816773093
L2,61,98,0.003985846178875015
L2,62,89,0.003619799080815065
L2,63,78,0.003172408183186237
L2,64,78,0.003172408183186237
L2,65,81,0.0032944238825395535
L2,66,90,0.003660470980599504
L2,67,98,0.003985846178875015
L2,68,86,0.003497783381461748
L2,69,83,0.0033757676821084314
L2,70,73,0.002969048684264042
L2,71,79,0.0032130800829706756
L2,72,82,0.003335095782323992
L2,73,93,0.0037824866799528204
L2,74,94,0.0038231585797372596
L2,75,70,0.0028470329849107252
L2,76,77,0.0031317362834017977
L2,77,99,0.004026518078659455
L2,78,86,0.003497783381461748
L2,79,91,0.0037011428803839425
L2,80,102,0.004148533778012771
L2,81,94,0.0038231585797372596
L2,82,81,0.0032944238825395535
L2,83,77,0.0031317362834017977
L2,84,74,0.003009720584048481
L2,85,93,0.0037824866799528204
L2,86,89,0.003619799080815065
L2,87,94,0.0038231585797372596
L2,88,90,0.003660470980599504
L2,89,88,0.003579127181030626
L2,90,90,0.003660470980599504
L2,91,75,0.0030503924838329198
L2,92,86,0.003497783381461748
L2,93,90,0.003660470980599504
L2,94,107,0.004351893276934965
L2,95,92,0.0037418147801683817
L2,96,88,0.003579127181030626
L2,97,92,0.0037418147801683817
L2,98,99,0.004026518078659455
L2,99,75,0.0030503924838329198
L2,100,98,0.003985846178875015
L2,101,98,0.003985846178875015
L2,102,90,0.003660470980599504
L2,103,101,0.004107861878228332
L2,104,101,0.004107861878228332
L2,105,89,0.003619799080815065
L2,106,76,0.003091064383617359
L2,107,80,0.0032537519827551143
L2,108,84,0.00341643958189287
L2,109,79,0.0032130800829706756
L2,110,100,0.004067189978443893
L2,111,99,0.004026518078659455
L2,112,91,0.0037011428803839425
L2,113,120,0.0048806279741326715
L2,114,88,0.003579127181030626
L2,115,92,0.0037418147801683817
L2,116,101,0.004107861878228332
L2,117,92,0.0037418147801683817
L2,118,94,0.0038231585797372596
L2,119,102,0.004148533778012771
L2,120,89,0.003619799080815065
L2,121,83,0.0033757676821084314
L2,122,96,0.0039045023793061375
L2,123,107,0.004351893276934965
L2,124,97,0.003945174279090576
L2,125,87,0.003538455281246187
L2,126,85,0.0034571114816773093
L2,127,84,0.00341643958189287
L2,128,106,0.004311221377150527
L2,129,109,0.004433237076503844
L2,130,84,0.00341643958189287
L2,131,86,0.003497783381461748
L2,132,110,0.004473908976288282
L2,133,83,0.0033757676821084314
L2,134,101,0.004107861878228332
L2,135,86,0.003497783381461748
L2,136,98,0.003985846178875015
L2,137,110,0.004473908976288282
L2,138,96,0.0039045023793061375
L2,139,107,0.004351893276934965
L2,140,97,0.003945174279090576
L2,141,82,0.003335095782323992
L2,142,89,0.003619799080815065
L2,143,94,0.0038231585797372596
L2,144,93,0.0037824866799528204
L2,145,96,0.0039045023793061375
L2,146,95,0.0038638304795216983
L2,147,109,0.004433237076503844
L2,148,96,0.0039045023793061375
L2,149,109,0.004433237076503844
L2,150,98,0.003985846178875015
L2,151,83,0.0033757676821084314
L2,152,103,0.0041892056777972095
L2,153,86,0.003497783381461748
L2,154,91,0.0037011428803839425
L2,155,89,0.003619799080815065
L2,156,100,0.004067189978443893
L2,157,108,0.004392565176719405
L2,158,98,0.003985846178875015
L2,159,95,0.0038638304795216983
L2,160,106,0.004311221377150527
L2,161,102,0.004148533778012771
L2,162,96,0.0039045023793061375
L2,163,90,0.003660470980599504
L2,164,82,0.003335095782323992
L2,165,104,0.004229877577581649
L2,166,108,0.004392565176719405
L2,167,92,0.0037418147801683817
L2,168,91,0.0037011428803839425
L2,169,108,0.004392565176719405
L2,170,114,0.004636596575426038
L2,171,90,0.003660470980599504
L2,172,116,0.004717940374994916
L2,173,119,0.004839956074348233
L2,174,112,0.004555252775857161
L2,175,114,0.004636596575426038
L2,176,96,0.0039045023793061375
L2,177,110,0.004473908976288282
L2,178,104,0.004229877577581649
L2,179,111,0.004514580876072721
L2,180,121,0.004921299873917111
L2,181,115,0.004677268475210477
L2,182,110,0.004473908976288282
L2,183,119,0.004839956074348233
L2,184,75,0.0030503924838329198
L2,185,97,0.003945174279090576
L2,186,130,0.005287346971977061
L2,187,111,0.004514580876072721
L2,188,105,0.004270549477366088
L2,189,87,0.003538455281246187
L2,190,101,0.004107861878228332
L2,191,124,0.005043315573270427
L2,192,92,0.0037418147801683817
L2,193,107,0.004351893276934965
L2,194,110,0.004473908976288282
L2,195,103,0.0041892056777972095
L2,196,112,0.004555252775857161
L2,197,115,0.004677268475210477
L2,198,122,0.00496197177370155
L2,199,122,0.00496197177370155
L2,200,131,0.0053280188717615
L2,201,98,0.003985846178875015
L2,202,113,0.0045959246756415995
L2,203,99,0.004026518078659455
L2,204,97,0.003945174279090576
L2,205,111,0.004514580876072721
L2,206,103,0.0041892056777972095
L2,207,117,0.004758612274779355
L2,208,106,0.004311221377150527
L2,209,109,0.004433237076503844
L2,210,120,0.0048806279741326715
L2,211,112,0.004555252775857161
L2,212,104,0.004229877577581649
L2,213,115,0.004677268475210477
L2,214,100,0.004067189978443893
L2,215,121,0.004921299873917111
L2,216,128,0.005206003172408183
L2,217,102,0.004148533778012771
L2,218,112,0.004555252775857161
L2,219,118,0.004799284174563794
L2,220,108,0.004392565176719405
L2,221,126,0.005124659372839306
L2,222,143,0.0058160816691747675
L2,223,105,0.004270549477366088
L2,224,114,0.004636596575426038
L2,225,110,0.004473908976288282
L2,226,126,0.005124659372839306
L2,227,93,0.0037824866799528204
L2,228,81,0.0032944238825395535
L2,229,113,0.0045959246756415995
L2,230,121,0.004921299873917111
L2,231,156,0.006344816366372474
L2,232,93,0.0037824866799528204
L2,233,116,0.004717940374994916
L2,234,117,0.004758612274779355
L2,235,101,0.004107861878228332
L2,236,126,0.005124659372839306
L2,237,96,0.0039045023793061375
L2,238,119,0.004839956074348233
L2,239,116,0.004717940374994916
L2,240,80,0.0032537519827551143
L2,241,139,0.005653394070037012
L2,242,131,0.0053280188717615
L2,243,88,0.003579127181030626
L2,244,115,0.004677268475210477
L2,245,132,0.005368690771545939
L2,246,97,0.003945174279090576
L2,247,106,0.004311221377150527
L2,248,77,0.0031317362834017977
L2,249,102,0.004148533778012771
L2,250,131,0.0053280188717615
L2,251,129,0.005246675072192622
L2,252,138,0.005612722170252572
L2,253,94,0.0038231585797372596
L2,254,121,0.004921299873917111
L2,255,92,0.0037418147801683817
L3,0,53,0.0021556106885752633
L3,1,73,0.002969048684264042
L3,2,49,0.0019929230894375075
L3,3,73,0.002969048684264042
L3,4,88,0.003579127181030626
L3,5,80,0.0032537519827551143
L3,6,84,0.00341643958189287
L3,7,87,0.003538455281246187
L3,8,80,0.0032537519827551143
L3,9,86,0.003497783381461748
L3,10,91,0.0037011428803839425
L3,11,82,0.003335095782323992
L3,12,102,0.004148533778012771
L3,13,91,0.0037011428803839425
L3,14,91,0.0037011428803839425
L3,15,99,0.004026518078659455
L3,16,128,0.005206003172408183
L3,17,103,0.0041892056777972095
L3,18,99,0.004026518078659455
L3,19,107,0.004351893276934965
L3,20,99,0.004026518078659455
L3,21,91,0.0037011428803839425
L3,22,100,0.004067189978443893
L3,23,98,0.003985846178875015
L3,24,86,0.003497783381461748
L3,25,85,0.0034571114816773093
L3,26,81,0.0032944238825395535
L3,27,110,0.004473908976288282
L3,28,96,0.0039045023793061375
L3,29,98,0.003985846178875015
L3,30,100,0.004067189978443893
L3,31,119,0.004839956074348233
L3,32,105,0.004270549477366088
L3,33,96,0.0039045023793061375
L3,34,79,0.0032130800829706756
L3,35,115,0.004677268475210477
L3,36,98,0.003985846178875015
L3,37,104,0.004229877577581649
L3,38,114,0.004636596575426038
L3,39,101,0.004107861878228332
L3,40,103,0.0041892056777972095
L3,41,88,0.003579127181030626
L3,42,101,0.004107861878228332
L3,43,94,0.0038231585797372596
L3,44,100,0.004067189978443893
L3,45,93,0.0037824866799528204
L3,46,117,0.004758612274779355
L3,47,105,0.004270549477366088
L3,48,102,0.004148533778012771
L3,49,109,0.004433237076503844
L3,50,111,0.004514580876072721
L3,51,96,0.0039045023793061375
L3,52,97,0.003945174279090576
L3,53,102,0.004148533778012771
L3,54,99,0.004026518078659455
L3,55,82,0.003335095782323992
L3,56,92,0.0037418147801683817
L3,57,90,0.003660470980599504
L3,58,124,0.005043315573270427
L3,59,108,0.004392565176719405
L3,60,102,0.004148533778012771
L3,61,88,0.003579127181030626
L3,62,88,0.003579127181030626
L3,63,87,0.003538455281246187
L3,64,76,0.003091064383617359
L3,65,108,0.004392565176719405
L3,66,118,0.004799284174563794
L3,67,101,0.004107861878228332
L3,68,109,0.004433237076503844
L3,69,118,0.004799284174563794
L3,70,93,0.0037824866799528204
L3,71,111,0.004514580876072721
L3,72,119,0.004839956074348233
L3,73,101,0.004107861878228332
L3,74,81,0.0032944238825395535
L3,75,98,0.003985846178875015
L3,76,102,0.004148533778012771
L3,77,108,0.004392565176719405
L3,78,89,0.003619799080815065
L3,79,126,0.005124659372839306
L3,80,136,0.005531378370683695
L3,81,107,0.004351893276934965
L3,82,90,0.003660470980599504
L3,83,78,0.003172408183186237
L3,84,103,0.0041892056777972095
L3,85,73,0.002969048684264042
L3,86,103,0.0041892056777972095
L3,87,96,0.0039045023793061375
L3,88,99,0.004026518078659455
L3,89,111,0.004514580876072721
L3,90,104,0.004229877577581649
L3,91,86,0.003497783381461748
L3,92,116,0.004717940374994916
L3,93,88,0.003579127181030626
L3,94,111,0.004514580876072721
L3,95,114,0.004636596575426038
L3,96,112,0.004555252775857161
L3,97,83,0.0033757676821084314
L3,98,97,0.003945174279090576
L3,99,116,0.004717940374994916
L3,100,112,0.004555252775857161
L3,101,90,0.003660470980599504
L3,102,123,0.0050026436734859885
L3,103,110,0.004473908976288282
L3,104,89,0.003619799080815065
L3,105,114,0.004636596575426038
L3,106,94,0.0038231585797372596
L3,107,90,0.003660470980599504
L3,108,105,0.004270549477366088
L3,109,113,0.0045959246756415995
L3,110,116,0.004717940374994916
L3,111,85,0.0034571114816773093
L3,112,88,0.003579127181030626
L3,113,93,0.0037824866799528204
L3,114,94,0.0038231585797372596
L3,115,67,0.0027250172855574086
L3,116,103,0.0041892056777972095
L3,117,111,0.004514580876072721
L3,118,102,0.004148533778012771
L3,119,98,0.003985846178875015
L3,120,89,0.003619799080815065
L3,121,110,0.004473908976288282
L3,122,121,0.004921299873917111
L3,123,98,0.003985846178875015
L3,124,94,0.0038231585797372596
L3,125,96,0.0039045023793061375
L3,126,81,0.0032944238825395535
L3,127,93,0.0037824866799528204
L3,128,100,0.004067189978443893
L3,129,94,0.0038231585797372596
L3,130,94,0.0038231585797372596
L3,131,100,0.004067189978443893
L3,132,99,0.004026518078659455
L3,133,84,0.00341643958189287
L3,134,94,0.0038231585797372596
L3,135,70,0.0028470329849107252
L3,136,87,0.003538455281246187
L3,137,101,0.004107861878228332
L3,138,103,0.0041892056777972095
L3,139,124,0.005043315573270427
L3,140,109,0.004433237076503844
L3,141,112,0.004555252775857161
L3,142,96,0.0039045023793061375
L3,143,88,0.003579127181030626
L3,144,104,0.004229877577581649
L3,145,86,0.003497783381461748
L3,146,117,0.004758612274779355
L3,147,118,0.004799284174563794
L3,148,89,0.003619799080815065
L3,149,101,0.004107861878228332
L3,150,115,0.004677268475210477
L3,151,89,0.003619799080815065
L3,152,90,0.003660470980599504
L3,153,92,0.0037418147801683817
L3,154,71,0.002887704884695164
L3,155,84,0.00341643958189287
L3,156,113,0.0045959246756415995
L3,157,80,0.0032537519827551143
L3,158,97,0.003945174279090576
L3,159,90,0.003660470980599504
L3,160,112,0.004555252775857161
L3,161,115,0.004677268475210477
L3,162,92,0.0037418147801683817
L3,163,86,0.003497783381461748
L3,164,86,0.003497783381461748
L3,165,81,0.0032944238825395535
L3,166,99,0.004026518078659455
L3,167,93,0.0037824866799528204
L3,168,94,0.0038231585797372596
L3,169,93,0.0037824866799528204
L3,170,86,0.003497783381461748
L3,171,82,0.003335095782323992
L3,172,111,0.004514580876072721
L3,173,97,0.003945174279090576
L3,174,93,0.0037824866799528204
L3,175,80,0.0032537519827551143
L3,176,98,0.003985846178875015
L3,177,108,0.004392565176719405
L3,178,105,0.004270549477366088
L3,179,107,0.004351893276934965
L3,180,102,0.004148533778012771
L3,181,104,0.004229877577581649
L3,182,104,0.004229877577581649
L3,183,107,0.004351893276934965
L3,184,89,0.003619799080815065
L3,185,107,0.004351893276934965
L3,186,113,0.0045959246756415995
L3,187,83,0.0033757676821084314
L3,188,109,0.004433237076503844
L3,189,95,0.0038638304795216983
L3,190,94,0.0038231585797372596
L3,191,86,0.003497783381461748
L3,192,80,0.0032537519827551143
L3,193,68,0.0027656891853418473
L3,194,111,0.004514580876072721
L3,195,92,0.0037418147801683817
L3,196,82,0.003335095782323992
L3,197,79,0.0032130800829706756
L3,198,103,0.0041892056777972095
L3,199,104,0.004229877577581649
L3,200,88,0.003579127181030626
L3,201,99,0.004026518078659455
L3,202,102,0.004148533778012771
L3,203,93,0.0037824866799528204
L3,204,89,0.003619799080815065
L3,205,63,0.002562329686419653
L3,206,86,0.003497783381461748
L3,207,105,0.004270549477366088
L3,208,88,0.003579127181030626
L3,209,57,0.002318298287713019
L3,210,87,0.003538455281246187
L3,211,94,0.0038231585797372596
L3,212,90,0.003660470980599504
L3,213,119,0.004839956074348233
L3,214,87,0.003538455281246187
L3,215,66,0.0026843453857729694
L3,216,101,0.004107861878228332
L3,217,84,0.00341643958189287
L3,218,99,0.004026518078659455
L3,219,105,0.004270549477366088
L3,220,74,0.003009720584048481
L3,221,94,0.0038231585797372596
L3,222,130,0.005287346971977061
L3,223,100,0.004067189978443893
L3,224,103,0.0041892056777972095
L3,225,80,0.0032537519827551143
L3,226,88,0.003579127181030626
L3,227,85,0.0034571114816773093
L3,228,84,0.00341643958189287
L3,229,107,0.004351893276934965
L3,230,95,0.0038638304795216983
L3,231,85,0.0034571114816773093
L3,232,83,0.0033757676821084314
L3,233,57,0.002318298287713019
L3,234,94,0.0038231585797372596
L3,235,87,0.003538455281246187
L3,236,90,0.003660470980599504
L3,237,70,0.0028470329849107252
L3,238,79,0.0032130800829706756
L3,239,113,0.0045959246756415995
L3,240,80,0.0032537519827551143
L3,241,81,0.0032944238825395535
L3,242,108,0.004392565176719405
L3,243,103,0.0041892056777972095
L3,244,86,0.003497783381461748
L3,245,109,0.004433237076503844
L3,246,77,0.0031317362834017977
L3,247,91,0.0037011428803839425
L3,248,91,0.0037011428803839425
L3,249,98,0.003985846178875015
L3,250,87,0.003538455281246187
L3,251,86,0.003497783381461748
L3,252,106,0.004311221377150527
L3,253,99,0.004026518078659455
L3,254,115,0.004677268475210477
L3,255,90,0.003660470980599504
