level,frequency_min,frequency_max,codeword_count
L1,0,9,0
L1,10,19,0
L1,20,29,0
L1,30,39,0
L1,40,49,0
L1,50,59,2
L1,60,69,13
L1,70,79,15
L1,80,89,54
L1,90,99,54
L1,100,109,74
L1,110,119,35
L1,120,129,9
L1,130,139,0
L1,140,149,0
L1,150,159,0
L2,0,9,0
L2,10,19,0
L2,20,29,0
L2,30,39,0
L2,40,49,0
L2,50,59,1
L2,60,69,5
L2,70,79,29
L2,80,89,62
L2,90,99,65
L2,100,109,40
L2,110,119,31
L2,120,129,14
L2,130,139,7
L2,140,149,1
L2,150,159,1
L3,0,9,0
L3,10,19,0
L3,20,29,0
L3,30,39,0
L3,40,49,1
L3,50,59,3
L3,60,69,4
L3,70,79,13
L3,80,89,63
L3,90,99,69
L3,100,109,59
L3,110,119,36
L3,120,129,6
L3,130,139,2
L3,140,149,0
L3,150,159,0
