representation,cone,orientation,aperture_deg_median,positive_coverage,matched_negative_false_positive_rate,random_negative_rate,coverage_over_false_positive
Encoder,angle_2deg|opens_away_from_root,opens_away_from_root,2.0,0.0,0.0,0.0,inf
Encoder,angle_2deg|opens_toward_root,opens_toward_root,2.0,0.0,0.0,0.0,inf
Encoder,angle_5deg|opens_away_from_root,opens_away_from_root,5.0,0.0,0.0,0.0,inf
Encoder,angle_5deg|opens_toward_root,opens_toward_root,5.0,0.0,0.0,0.0,inf
Encoder,angle_10deg|opens_away_from_root,opens_away_from_root,10.0,0.0,7.5e-05,0.000275,0.0
Encoder,angle_10deg|opens_toward_root,opens_toward_root,10.0,0.0,0.0,0.0,inf
Encoder,angle_20deg|opens_away_from_root,opens_away_from_root,20.0,0.0372,0.328925,0.388975,0.11309569050695445
Encoder,angle_20deg|opens_toward_root,opens_toward_root,20.0,0.0,0.0,0.0,inf
Encoder,angle_30deg|opens_away_from_root,opens_away_from_root,29.999999999999996,0.605375,0.94475,0.9571,0.6407779835935433
Encoder,angle_30deg|opens_toward_root,opens_toward_root,29.999999999999996,0.0,0.0,0.0,inf
Encoder,angle_45deg|opens_away_from_root,opens_away_from_root,45.0,0.97925,0.9995,0.999525,0.9797398699349674
Encoder,angle_45deg|opens_toward_root,opens_toward_root,45.0,0.0,0.0,0.0,inf
Encoder,metric_reach_0.02|opens_away_from_root,opens_away_from_root,0.03426402062177658,0.0,0.0,0.0,inf
Encoder,metric_reach_0.02|opens_toward_root,opens_toward_root,0.03426402062177658,0.0,0.0,0.0,inf
Encoder,metric_reach_0.05|opens_away_from_root,opens_away_from_root,0.07912936806678772,0.0,0.0,0.0,inf
Encoder,metric_reach_0.05|opens_toward_root,opens_toward_root,0.07912936806678772,0.0,0.0,0.0,inf
Encoder,metric_reach_0.1|opens_away_from_root,opens_away_from_root,0.15949037671089172,0.0,0.0,0.0,inf
Encoder,metric_reach_0.1|opens_toward_root,opens_toward_root,0.15949037671089172,0.0,0.0,0.0,inf
Encoder,metric_reach_0.2|opens_away_from_root,opens_away_from_root,0.3195939362049103,0.0,0.0,0.0,inf
Encoder,metric_reach_0.2|opens_toward_root,opens_toward_root,0.3195939362049103,0.0,0.0,0.0,inf
Encoder,metric_reach_0.4|opens_away_from_root,opens_away_from_root,0.6431576013565063,0.0,0.0,0.0,inf
Encoder,metric_reach_0.4|opens_toward_root,opens_toward_root,0.6431576013565063,0.0,0.0,0.0,inf
L1-L1,angle_2deg|opens_away_from_root,opens_away_from_root,2.0,0.000175,0.0009,0.00115,0.19444444444444445
L1-L1,angle_2deg|opens_toward_root,opens_toward_root,2.0,0.01595,0.0,7.5e-05,inf
L1-L1,angle_5deg|opens_away_from_root,opens_away_from_root,5.0,0.00575,0.002,0.0022,2.875
L1-L1,angle_5deg|opens_toward_root,opens_toward_root,5.0,0.0268,2.5e-05,0.0001,1072.0
L1-L1,angle_10deg|opens_away_from_root,opens_away_from_root,10.0,0.007275,0.002075,0.002375,3.5060240963855422
L1-L1,angle_10deg|opens_toward_root,opens_toward_root,10.0,0.02685,2.5e-05,0.0001,1074.0
L1-L1,angle_20deg|opens_away_from_root,opens_away_from_root,20.0,0.021875,0.10845,0.13725,0.20170585523282616
L1-L1,angle_20deg|opens_toward_root,opens_toward_root,20.0,0.02685,0.004575,0.00565,5.868852459016393
L1-L1,angle_30deg|opens_away_from_root,opens_away_from_root,29.999999999999996,0.3472,0.707575,0.72595,0.4906900328587076
L1-L1,angle_30deg|opens_toward_root,opens_toward_root,29.999999999999996,0.02685,0.021375,0.022375,1.256140350877193
L1-L1,angle_45deg|opens_away_from_root,opens_away_from_root,45.0,0.82715,0.951975,0.9551,0.8688778591874787
L1-L1,angle_45deg|opens_toward_root,opens_toward_root,45.0,0.02685,0.026425,0.026675,1.0160832544938505
L1-L1,metric_reach_0.02|opens_away_from_root,opens_away_from_root,0.03426402062177658,0.0,0.00045,0.00045,0.0
L1-L1,metric_reach_0.02|opens_toward_root,opens_toward_root,0.03426402062177658,0.0082,0.0,2.5e-05,inf
L1-L1,metric_reach_0.05|opens_away_from_root,opens_away_from_root,0.07912936806678772,0.0,0.000475,0.00045,0.0
L1-L1,metric_reach_0.05|opens_toward_root,opens_toward_root,0.07912936806678772,0.008225,0.0,2.5e-05,inf
L1-L1,metric_reach_0.1|opens_away_from_root,opens_away_from_root,0.16071254014968872,0.0,0.000475,0.00045,0.0
L1-L1,metric_reach_0.1|opens_toward_root,opens_toward_root,0.16071254014968872,0.00825,0.0,2.5e-05,inf
L1-L1,metric_reach_0.2|opens_away_from_root,opens_away_from_root,0.32020556926727295,0.0,0.000475,0.00045,0.0
L1-L1,metric_reach_0.2|opens_toward_root,opens_toward_root,0.32020556926727295,0.00835,0.0,2.5e-05,inf
L1-L1,metric_reach_0.4|opens_away_from_root,opens_away_from_root,0.6440697312355042,0.0,0.000475,0.000475,0.0
L1-L1,metric_reach_0.4|opens_toward_root,opens_toward_root,0.6440697312355042,0.00875,0.0,2.5e-05,inf
L1-L2,angle_2deg|opens_away_from_root,opens_away_from_root,2.0,0.0,0.0,0.0,inf
L1-L2,angle_2deg|opens_toward_root,opens_toward_root,2.0,0.0,0.0,0.0,inf
L1-L2,angle_5deg|opens_away_from_root,opens_away_from_root,5.0,0.0,0.0,0.0,inf
L1-L2,angle_5deg|opens_toward_root,opens_toward_root,5.0,0.0,0.0,0.0,inf
L1-L2,angle_10deg|opens_away_from_root,opens_away_from_root,10.0,0.0,0.000125,0.000275,0.0
L1-L2,angle_10deg|opens_toward_root,opens_toward_root,10.0,0.0,0.0,0.0,inf
L1-L2,angle_20deg|opens_away_from_root,opens_away_from_root,20.0,0.0258,0.186525,0.22125,0.13831926015279453
L1-L2,angle_20deg|opens_toward_root,opens_toward_root,20.0,0.0,0.0,0.0,inf
L1-L2,angle_30deg|opens_away_from_root,opens_away_from_root,29.999999999999996,0.43475,0.8234,0.84225,0.5279936847218849
L1-L2,angle_30deg|opens_toward_root,opens_toward_root,29.999999999999996,0.0,0.0,0.0,inf
L1-L2,angle_45deg|opens_away_from_root,opens_away_from_root,45.0,0.8952,0.991075,0.99265,0.9032616098680725
L1-L2,angle_45deg|opens_toward_root,opens_toward_root,45.0,0.0,0.0,0.0,inf
L1-L2,metric_reach_0.02|opens_away_from_root,opens_away_from_root,0.03426402062177658,0.0,0.0,0.0,inf
L1-L2,metric_reach_0.02|opens_toward_root,opens_toward_root,0.03426402062177658,0.0,0.0,0.0,inf
L1-L2,metric_reach_0.05|opens_away_from_root,opens_away_from_root,0.07912936806678772,0.0,0.0,0.0,inf
L1-L2,metric_reach_0.05|opens_toward_root,opens_toward_root,0.07912936806678772,0.0,0.0,0.0,inf
L1-L2,metric_reach_0.1|opens_away_from_root,opens_away_from_root,0.15949037671089172,0.0,0.0,0.0,inf
L1-L2,metric_reach_0.1|opens_toward_root,opens_toward_root,0.15949037671089172,0.0,0.0,0.0,inf
L1-L2,metric_reach_0.2|opens_away_from_root,opens_away_from_root,0.32020556926727295,0.0,0.0,0.0,inf
L1-L2,metric_reach_0.2|opens_toward_root,opens_toward_root,0.32020556926727295,0.0,0.0,0.0,inf
L1-L2,metric_reach_0.4|opens_away_from_root,opens_away_from_root,0.6437658071517944,0.0,0.0,0.0,inf
L1-L2,metric_reach_0.4|opens_toward_root,opens_toward_root,0.6437658071517944,0.0,0.0,0.0,inf
L1-L3,angle_2deg|opens_away_from_root,opens_away_from_root,2.0,0.0,0.0,0.0,inf
L1-L3,angle_2deg|opens_toward_root,opens_toward_root,2.0,0.0,0.0,0.0,inf
L1-L3,angle_5deg|opens_away_from_root,opens_away_from_root,5.0,0.0,0.0,0.0,inf
L1-L3,angle_5deg|opens_toward_root,opens_toward_root,5.0,0.0,0.0,0.0,inf
L1-L3,angle_10deg|opens_away_from_root,opens_away_from_root,10.0,0.0,0.00015,0.00025,0.0
L1-L3,angle_10deg|opens_toward_root,opens_toward_root,10.0,0.0,0.0,0.0,inf
L1-L3,angle_20deg|opens_away_from_root,opens_away_from_root,20.0,0.030625,0.229075,0.271175,0.13368983957219252
L1-L3,angle_20deg|opens_toward_root,opens_toward_root,20.0,0.0,0.0,0.0,inf
L1-L3,angle_30deg|opens_away_from_root,opens_away_from_root,29.999999999999996,0.4958,0.8728,0.8898,0.5680568285976169
L1-L3,angle_30deg|opens_toward_root,opens_toward_root,29.999999999999996,0.0,0.0,0.0,inf
L1-L3,angle_45deg|opens_away_from_root,opens_away_from_root,45.0,0.938925,0.99595,0.9971,0.9427431095938551
L1-L3,angle_45deg|opens_toward_root,opens_toward_root,45.0,0.0,0.0,0.0,inf
L1-L3,metric_reach_0.02|opens_away_from_root,opens_away_from_root,0.03426402062177658,0.0,0.0,0.0,inf
L1-L3,metric_reach_0.02|opens_toward_root,opens_toward_root,0.03426402062177658,0.0,0.0,0.0,inf
L1-L3,metric_reach_0.05|opens_away_from_root,opens_away_from_root,0.07912936806678772,0.0,0.0,0.0,inf
L1-L3,metric_reach_0.05|opens_toward_root,opens_toward_root,0.07912936806678772,0.0,0.0,0.0,inf
L1-L3,metric_reach_0.1|opens_away_from_root,opens_away_from_root,0.15949037671089172,0.0,0.0,0.0,inf
L1-L3,metric_reach_0.1|opens_toward_root,opens_toward_root,0.15949037671089172,0.0,0.0,0.0,inf
L1-L3,metric_reach_0.2|opens_away_from_root,opens_away_from_root,0.3189810514450073,0.0,0.0,0.0,inf
L1-L3,metric_reach_0.2|opens_toward_root,opens_toward_root,0.3189810514450073,0.0,0.0,0.0,inf
L1-L3,metric_reach_0.4|opens_away_from_root,opens_away_from_root,0.6425489187240601,0.0,0.0,0.0,inf
L1-L3,metric_reach_0.4|opens_toward_root,opens_toward_root,0.6425489187240601,0.0,0.0,0.0,inf
