metric,distance_decile,pair_count,distance_min,distance_median,distance_max,mean_lcp,share_lcp_ge_1,share_lcp_ge_2,share_lcp_ge_3
hyperbolic_c1,1,10000,1.0411978960037231,2.5834654569625854,2.736908197402954,0.0377,0.0377,0.0,0.0
hyperbolic_c1,2,10000,2.7369515895843506,2.834518551826477,2.909440040588379,0.0026,0.0026,0.0,0.0
hyperbolic_c1,3,10000,2.9094576835632324,2.9745569229125977,3.0305984020233154,0.0005,0.0005,0.0,0.0
hyperbolic_c1,4,10000,3.0306010246276855,3.081131100654602,3.1270620822906494,0.0002,0.0002,0.0,0.0
hyperbolic_c1,5,10000,3.1270687580108643,3.171210289001465,3.213155746459961,0.0,0.0,0.0,0.0
hyperbolic_c1,6,10000,3.2131564617156982,3.2547028064727783,3.295549154281616,0.0,0.0,0.0,0.0
hyperbolic_c1,7,10000,3.2955613136291504,3.3370957374572754,3.380715847015381,0.0,0.0,0.0,0.0
hyperbolic_c1,8,10000,3.380716562271118,3.4262481927871704,3.4757003784179688,0.0,0.0,0.0,0.0
hyperbolic_c1,9,10000,3.4757044315338135,3.531906008720398,3.6023831367492676,0.0,0.0,0.0,0.0
hyperbolic_c1,10,10000,3.6023900508880615,3.708299994468689,4.544240951538086,0.0,0.0,0.0,0.0
euclidean_scale_matched,1,10000,0.8154064236562453,2.2559806540816667,2.465233072275725,0.0362,0.0362,0.0,0.0
euclidean_scale_matched,2,10000,2.4652666869163093,2.6033128918215325,2.715937464540984,0.0024,0.0024,0.0,0.0
euclidean_scale_matched,3,10000,2.7159646763928857,2.816759616811907,2.9038663554456297,0.001,0.001,0.0,0.0
euclidean_scale_matched,4,10000,2.9038682762822345,2.9854742190889363,3.0625847639615187,0.0005,0.0005,0.0,0.0
euclidean_scale_matched,5,10000,3.0625911667502015,3.138904884571222,3.2131537030420736,0.0002,0.0002,0.0,0.0
euclidean_scale_matched,6,10000,3.2131585051335856,3.287169299935158,3.3632962163963613,0.0002,0.0002,0.0,0.0
euclidean_scale_matched,7,10000,3.363297496954098,3.443840576839473,3.5330059721043985,0.0002,0.0002,0.0,0.0
euclidean_scale_matched,8,10000,3.5331484341525887,3.6283583820734124,3.738898847076647,0.0,0.0,0.0,0.0
euclidean_scale_matched,9,10000,3.738915494327222,3.8705617918046578,4.053407668843828,0.0002,0.0002,0.0,0.0
euclidean_scale_matched,10,10000,4.053408629262131,4.367656057181342,8.476602635546886,0.0001,0.0001,0.0,0.0
