representation,hierarchy_metric,spearman_rho_vs_radius,radius_median
Encoder,in_degree,0.2105108046030299,4.2537617683410645
Encoder,out_degree,0.2661248158873436,4.2537617683410645
Encoder,pagerank,0.11684871777372953,4.2537617683410645
Encoder,k_core,0.28562910183381307,4.2537617683410645
Encoder,depth_to_sink,0.04100783104610831,4.2537617683410645
L1-L1,in_degree,0.210638582254504,4.252414226531982
L1-L1,out_degree,0.2651475718000083,4.252414226531982
L1-L1,pagerank,0.1186702977731544,4.252414226531982
L1-L1,k_core,0.2842211700175458,4.252414226531982
L1-L1,depth_to_sink,0.041096807895281404,4.252414226531982
L1-L2,in_degree,0.21064718009380132,4.252558708190918
L1-L2,out_degree,0.2663418279303696,4.252558708190918
L1-L2,pagerank,0.11809809896936321,4.252558708190918
L1-L2,k_core,0.28492751129791916,4.252558708190918
L1-L2,depth_to_sink,0.04137092441399726,4.252558708190918
L1-L3,in_degree,0.2090047182603021,4.254454612731934
L1-L3,out_degree,0.2653547101882624,4.254454612731934
L1-L3,pagerank,0.11611338460881046,4.254454612731934
L1-L3,k_core,0.2837468911341795,4.254454612731934
L1-L3,depth_to_sink,0.041051108352714506,4.254454612731934
