level,popularity_group,l1_prefix_size_quartile,item_count,mean_quantization_error_hyperbolic,median_quantization_error_hyperbolic,q90_quantization_error_hyperbolic,mean_residual_tangent_norm_after
L1,head,Q1_sparse,667,0.023370780050754547,0.023186836391687393,0.028890039771795273,0.1252351999282837
L1,head,Q2,982,0.024646684527397156,0.024449534714221954,0.02982267178595066,0.1316097527742386
L1,head,Q3,1253,0.02559010311961174,0.02552533894777298,0.03087925910949707,0.1367785483598709
L1,head,Q4_dense,2016,0.026415972039103508,0.026239600032567978,0.0317637138068676,0.1412045657634735
L1,mid,Q1_sparse,1510,0.024393953382968903,0.02408081293106079,0.030756991356611252,0.1289445161819458
L1,mid,Q2,1711,0.026514628902077675,0.02630385383963585,0.0323416031897068,0.14027872681617737
L1,mid,Q3,1975,0.02705695666372776,0.026845332235097885,0.03281063213944435,0.14381413161754608
L1,mid,Q4_dense,2180,0.027928011491894722,0.027705643326044083,0.033503320068120956,0.14870017766952515
L1,tail,Q1_sparse,2725,0.02624128945171833,0.026045838370919228,0.03297077491879463,0.1375676840543747
L1,tail,Q2,3201,0.02800270915031433,0.027806419879198074,0.03441809490323067,0.14709322154521942
L1,tail,Q3,3328,0.02873183973133564,0.028329743072390556,0.03500046208500862,0.15135887265205383
L1,tail,Q4_dense,3039,0.029685236513614655,0.02940277010202408,0.03597257286310196,0.15685468912124634
L2,head,Q1_sparse,667,0.35648155212402344,0.356476753950119,0.39189931750297546,0.11162261664867401
L2,head,Q2,982,0.35614001750946045,0.3567967712879181,0.3885555863380432,0.11716809123754501
L2,head,Q3,1253,0.3553227484226227,0.35393163561820984,0.3883371949195862,0.12150190025568008
L2,head,Q4_dense,2016,0.3534657061100006,0.35334134101867676,0.3849085569381714,0.12469210475683212
L2,mid,Q1_sparse,1510,0.357963889837265,0.35761988162994385,0.3935757875442505,0.11529110372066498
L2,mid,Q2,1711,0.355135440826416,0.3545791506767273,0.3876436650753021,0.12450531870126724
L2,mid,Q3,1975,0.3542538583278656,0.3542574346065521,0.38617604970932007,0.12738296389579773
L2,mid,Q4_dense,2180,0.3532017469406128,0.3529917895793915,0.3849301338195801,0.1313060224056244
L2,tail,Q1_sparse,2725,0.3579314053058624,0.35695669054985046,0.3924795091152191,0.12297876179218292
L2,tail,Q2,3201,0.3554704785346985,0.3551308512687683,0.3877652585506439,0.13066276907920837
L2,tail,Q3,3328,0.3537697494029999,0.3537415564060211,0.3866525888442993,0.13380558788776398
L2,tail,Q4_dense,3039,0.35247495770454407,0.35236310958862305,0.38408416509628296,0.13816744089126587
L3,head,Q1_sparse,667,0.35531625151634216,0.35482099652290344,0.3912733197212219,0.09914637356996536
L3,head,Q2,982,0.3559795916080475,0.35496121644973755,0.39057567715644836,0.10419205576181412
L3,head,Q3,1253,0.3568034768104553,0.35714009404182434,0.39110180735588074,0.10828744620084763
L3,head,Q4_dense,2016,0.3541592061519623,0.35311323404312134,0.38906216621398926,0.11041612178087234
L3,mid,Q1_sparse,1510,0.3522098660469055,0.3510211706161499,0.3871592581272125,0.10147471725940704
L3,mid,Q2,1711,0.3553900718688965,0.3545924127101898,0.3908621668815613,0.11064904928207397
L3,mid,Q3,1975,0.3544057309627533,0.35389837622642517,0.3894919455051422,0.1128741055727005
L3,mid,Q4_dense,2180,0.35277727246284485,0.35229066014289856,0.3879890739917755,0.11578213423490524
L3,tail,Q1_sparse,2725,0.3535904884338379,0.35395658016204834,0.3897022306919098,0.10865797847509384
L3,tail,Q2,3201,0.3538725674152374,0.35345378518104553,0.3882344961166382,0.1155388355255127
L3,tail,Q3,3328,0.3526868224143982,0.3519824743270874,0.38852328062057495,0.1179513931274414
L3,tail,Q4_dense,3039,0.35313692688941956,0.35330161452293396,0.3879396915435791,0.1219661682844162
