epoch,layer,transport_error
0,0,2.9166791204460196e-09
0,1,2.876711535648724e-09
1,0,2.698965495540051e-09
1,1,3.2874301059138133e-09
2,0,2.9801046075306203e-09
2,1,3.108184598588082e-09
3,0,2.6391262508695945e-09
3,1,3.1519762355713965e-09
4,0,2.8367781457205865e-09
4,1,2.841959556576512e-09
5,0,2.9486648678300753e-09
5,1,3.257824898739159e-09
6,0,2.7860265205958967e-09
6,1,2.9754445574070587e-09
7,0,2.960326650480738e-09
7,1,3.0247300220054285e-09
8,0,2.7393791679486412e-09
8,1,3.2893197055017254e-09
9,0,2.6857072121799774e-09
9,1,2.8801840912251464e-09
10,0,2.7829558657543885e-09
10,1,2.9995625983048058e-09
11,0,3.0390441274619207e-09
11,1,3.015733218703076e-09
12,0,2.685575539729257e-09
12,1,3.1459372884512504e-09
13,0,3.1371942821323273e-09
13,1,3.085923294676718e-09
14,0,2.7782858236236052e-09
14,1,3.165616435651941e-09
15,0,2.693317346924573e-09
15,1,3.008829851935957e-09
16,0,3.087060607143144e-09
16,1,3.1497571217897757e-09
17,0,2.9951412461315385e-09
17,1,3.0915432436273704e-09
18,0,2.80658718487814e-09
18,1,3.106671142560913e-09
19,0,2.6709121581092177e-09
19,1,2.6846647127598544e-09
20,0,2.6818152143448515e-09
20,1,2.9330855522147203e-09
21,0,2.7666782198565443e-09
21,1,2.995450554266199e-09
22,0,3.232136558395382e-09
22,1,3.1012168388855343e-09
23,0,2.6014308485144966e-09
23,1,3.0012217155928056e-09
24,0,2.6256261609347575e-09
24,1,3.1465894334559152e-09
25,0,3.1389968402351087e-09
25,1,2.9045219562817692e-09
26,0,2.6293069943505998e-09
26,1,2.54641929764432e-09
27,0,2.744248606134647e-09
27,1,2.900094386859564e-09
28,0,2.911482388512354e-09
28,1,3.0400553185927492e-09
29,0,2.716505687061499e-09
29,1,2.9431588277617493e-09
30,0,2.9016296032580158e-09
30,1,2.8704250087940864e-09
31,0,3.4813556482049535e-09
31,1,3.2074929379177775e-09
32,0,2.5492554733830275e-09
32,1,2.9240019294718422e-09
33,0,2.880490290735338e-09
33,1,3.0159277297769904e-09
34,0,2.400700083171614e-09
34,1,2.8652153982733353e-09
35,0,2.7411666270182877e-09
35,1,3.040106610896487e-09
36,0,2.7032165395013408e-09
36,1,2.6954838361348266e-09
37,0,2.4966944067728036e-09
37,1,2.8097255633241502e-09
38,0,2.8931366191642383e-09
38,1,2.793468567574564e-09
39,0,2.7430895332969385e-09
39,1,2.717379654626484e-09
40,0,2.615842431552551e-09
40,1,2.7411788394715586e-09
41,0,3.0058653344156028e-09
41,1,2.8853794908911823e-09
42,0,2.691199929572008e-09
42,1,3.0614633050873863e-09
43,0,2.824840583670607e-09
43,1,3.139179360900357e-09
44,0,2.462543058356914e-09
44,1,2.6934143804169253e-09
45,0,2.4009780830169802e-09
45,1,2.898445039534181e-09
46,0,2.719280356444642e-09
46,1,2.7455862028347156e-09
47,0,2.976960677969487e-09
47,1,3.0923494875878532e-09
48,0,3.0377391713187762e-09
48,1,2.941302756909181e-09
49,0,2.424566547531981e-09
49,1,2.7518238798762695e-09
50,0,2.359995976419782e-09
50,1,2.861442860435659e-09
51,0,2.705274226855181e-09
51,1,2.964458678533788e-09
52,0,2.830912393392282e-09
52,1,2.745582206031827e-09
53,0,2.4157416067538406e-09
53,1,2.6079229886732946e-09
54,0,2.9321514105618007e-09
54,1,2.813600241680092e-09
55,0,2.596957093814467e-09
55,1,2.7390756329737087e-09
56,0,2.925729214453554e-09
56,1,2.6805679897989876e-09
57,0,2.8555264819374315e-09
57,1,2.795597975335795e-09
58,0,2.783564490016488e-09
58,1,2.5678341675217098e-09
59,0,2.5601840647482277e-09
59,1,2.7199194008176164e-09
60,0,2.781431529541578e-09
60,1,3.002950110797542e-09
61,0,2.5667512559834904e-09
61,1,2.665694998071899e-09
62,0,3.052540442638474e-09
62,1,2.698930190447868e-09
63,0,2.8329720791475665e-09
63,1,2.8804623131151175e-09
64,0,2.8517743722034083e-09
64,1,2.976441981772382e-09
65,0,2.792580167110259e-09
65,1,2.8208604341273258e-09
66,0,3.1303517555869576e-09
66,1,2.699644285897307e-09
67,0,2.623382622246595e-09
67,1,2.6706314937285924e-09
68,0,2.631563855715058e-09
68,1,2.6312976242337527e-09
69,0,2.6740751835063747e-09
69,1,2.6765847316312374e-09
70,0,2.849717350983383e-09
70,1,3.0584683674561575e-09
71,0,2.7861486451286055e-09
71,1,2.796069598076656e-09
72,0,2.8230211501778513e-09
72,1,2.6229216576467707e-09
73,0,2.8474620439311593e-09
73,1,2.8721935940723142e-09
74,0,2.538043331057338e-09
74,1,3.196223952173227e-09
75,0,2.490727846193863e-09
75,1,2.553281586159528e-09
76,0,3.04713232424092e-09
76,1,3.0309088572266774e-09
77,0,2.557150269311137e-09
77,1,2.698408607670899e-09
78,0,2.7597415463986863e-09
78,1,2.9894278164022126e-09
79,0,2.7213562514560863e-09
79,1,2.8988818012720685e-09
80,0,2.843725033230271e-09
80,1,3.042834650912596e-09
81,0,3.3299236701367363e-09
81,1,3.148437954791916e-09
82,0,2.9372255738735475e-09
82,1,3.2049873865958034e-09
83,0,2.5066013709107438e-09
83,1,2.8970625898239177e-09
84,0,3.158878270070886e-09
84,1,3.1886235873912483e-09
85,0,3.1013167589577506e-09
85,1,3.241904522610639e-09
86,0,2.768423046362045e-09
86,1,3.0090288039019697e-09
87,0,2.9404694235068973e-09
87,1,3.2431477503536144e-09
88,0,3.0890883184753193e-09
88,1,3.23300164417617e-09
89,0,3.1942624101333195e-09
89,1,3.0689473184963845e-09
90,0,3.333602949240344e-09
90,1,3.1639129094429563e-09
91,0,2.947499133654219e-09
91,1,3.2565168339715456e-09
92,0,2.8270390473039697e-09
92,1,3.2617983869442924e-09
93,0,3.074076104780943e-09
93,1,3.0538120920908796e-09
94,0,3.0607221201961465e-09
94,1,3.0599811573495117e-09
95,0,3.0357920621781886e-09
95,1,3.1503413211453335e-09
96,0,3.134780879321397e-09
96,1,3.0521059013466356e-09
97,0,2.876175519972435e-09
97,1,3.5075355953040344e-09
98,0,3.299009065926839e-09
98,1,3.126710224066187e-09
99,0,2.764647177855295e-09
99,1,3.3658149600768184e-09
100,0,3.3738920546255713e-09
100,1,3.2828424423314573e-09
101,0,3.0127498273913034e-09
101,1,3.2382636572236834e-09
102,0,2.8437801002922924e-09
102,1,3.119107194748949e-09
103,0,3.356282141098177e-09
103,1,3.339251541945032e-09
104,0,2.784855457349522e-09
104,1,2.9702553749899607e-09
105,0,3.177109242358256e-09
105,1,3.6634926203760187e-09
106,0,2.6936390895571094e-09
106,1,3.4125204884105642e-09
107,0,3.317434771332728e-09
107,1,3.873480203253621e-09
108,0,3.7803551400372726e-09
108,1,3.530731040868318e-09
109,0,3.1419706836288697e-09
109,1,3.658048530752467e-09
110,0,3.2612998968062357e-09
110,1,3.780440405165564e-09
111,0,3.890356481406343e-09
111,1,4.0040122328832695e-09
112,0,3.48885942358379e-09
112,1,3.467924836186853e-09
113,0,3.750483479336708e-09
113,1,3.8498577659140665e-09
114,0,3.103071577470473e-09
114,1,3.7202450009488075e-09
115,0,3.2312528208677804e-09
115,1,3.5071949788800794e-09
116,0,3.0306954723613444e-09
116,1,3.2888065604197436e-09
117,0,3.2130336169444718e-09
117,1,3.5596954273131587e-09
118,0,2.9043938365447275e-09
118,1,2.9834354986491007e-09
119,0,2.966365819645489e-09
119,1,3.33982042022285e-09
120,0,3.1806581812787726e-09
120,1,3.6191778463035007e-09
121,0,3.882638210939149e-09
121,1,3.878505072663074e-09
122,0,3.2040594621918217e-09
122,1,3.468345610713186e-09
123,0,3.4324523223716596e-09
123,1,3.893127598075807e-09
124,0,3.6052540952624668e-09
124,1,3.5975384893305318e-09
125,0,3.6883607279492026e-09
125,1,4.0023890868212675e-09
126,0,3.675777016098891e-09
126,1,3.479799337569034e-09
127,0,3.374852841631082e-09
127,1,3.5484353233528054e-09
128,0,3.8204883701098424e-09
128,1,4.046124324474931e-09
129,0,3.669693438013155e-09
129,1,4.091157190799777e-09
130,0,3.628920941523006e-09
130,1,3.7896317195418305e-09
131,0,4.00717947712792e-09
131,1,3.819811134064821e-09
132,0,4.177457491039149e-09
132,1,3.8799052859417316e-09
133,0,3.869283560220538e-09
133,1,4.10269862527457e-09
134,0,3.76048836514542e-09
134,1,3.878994458972329e-09
135,0,3.7327585467039626e-09
135,1,3.968788853114802e-09
136,0,3.509509349797213e-09
136,1,4.08152134312445e-09
137,0,3.9997769540889294e-09
137,1,4.024553579284884e-09
138,0,3.2960842943907664e-09
138,1,3.6448033480240838e-09
139,0,3.5613865190242677e-09
139,1,4.075622506150012e-09
140,0,4.336877079680335e-09
140,1,3.6938165859368155e-09
141,0,3.3003881849680283e-09
141,1,3.887423272175283e-09
142,0,3.976131424110463e-09
142,1,4.046202928265075e-09
143,0,3.5549456711692073e-09
143,1,4.0177314808431674e-09
144,0,4.122836294584431e-09
144,1,4.6235677508832396e-09
145,0,3.2412450501340118e-09
145,1,3.775688206530958e-09
146,0,4.623087246358182e-09
146,1,4.422173738305446e-09
147,0,3.909806700619356e-09
147,1,3.6263498870425792e-09
148,0,4.060586533682908e-09
148,1,3.887946409264487e-09
149,0,3.9665124518251105e-09
149,1,4.396184749566601e-09
150,0,3.5303449053003533e-09
150,1,3.895824551847227e-09
151,0,3.754627719843029e-09
151,1,4.840234435476987e-09
152,0,3.740490139847452e-09
152,1,4.164429689978988e-09
153,0,4.224421257248423e-09
153,1,4.781678608622997e-09
154,0,4.1024605934580904e-09
154,1,5.1193520533843184e-09
155,0,4.140379150641138e-09
155,1,4.9165502780113e-09
156,0,4.827671595819538e-09
156,1,5.072196884725599e-09
157,0,4.145456422577354e-09
157,1,4.5331285392080645e-09
158,0,4.796238517457141e-09
158,1,5.888369791762216e-09
159,0,4.607389136879192e-09
159,1,5.174442208044638e-09
160,0,4.864634028933779e-09
160,1,4.935908570757874e-09
161,0,5.507460709708312e-09
161,1,5.231064470478941e-09
162,0,4.931392627582909e-09
162,1,5.1897517394650095e-09
163,0,4.318569057915056e-09
163,1,4.821241628150119e-09
164,0,5.925670620854362e-09
164,1,5.047263496038568e-09
165,0,5.084667797916609e-09
165,1,4.820885468603819e-09
166,0,3.953419813740311e-09
166,1,4.718484269972123e-09
167,0,5.154820126307413e-09
167,1,5.5565272383262254e-09
168,0,5.0188448952326326e-09
168,1,4.991816737742738e-09
169,0,5.2954356455359175e-09
169,1,5.5660049902428455e-09
170,0,4.826700372717596e-09
170,1,4.6797774544415915e-09
171,0,4.678725851192667e-09
171,1,5.158991900344745e-09
172,0,4.278370990817848e-09
172,1,5.394279689596715e-09
173,0,4.7087738153095415e-09
173,1,5.754300591576111e-09
174,0,4.775648765331653e-09
174,1,6.037473632147794e-09
175,0,4.881554271918276e-09
175,1,5.486179066593877e-09
176,0,5.624662957615101e-09
176,1,5.480770060017903e-09
177,0,4.689479915498396e-09
177,1,5.200575525776685e-09
178,0,4.614832516125489e-09
178,1,5.030029281982706e-09
179,0,4.956816734846825e-09
179,1,4.8119135342972186e-09
180,0,4.543497134079644e-09
180,1,5.038127692813532e-09
181,0,4.906495210121875e-09
181,1,5.255488044753065e-09
182,0,4.227283412205907e-09
182,1,4.813571763406799e-09
183,0,5.206221231901509e-09
183,1,5.2463109412315134e-09
184,0,4.71073269281419e-09
184,1,5.511980649686166e-09
185,0,4.833217825961356e-09
185,1,4.589935986842875e-09
186,0,3.840260998089207e-09
186,1,5.087548160531696e-09
187,0,4.715024815027391e-09
187,1,5.140569303563325e-09
188,0,4.781954388022314e-09
188,1,5.005027503557358e-09
189,0,4.840984502152423e-09
189,1,5.446916695461823e-09
190,0,5.999974295178845e-09
190,1,5.799874358558554e-09
191,0,5.179408013589182e-09
191,1,4.868109915179275e-09
192,0,4.736839809282856e-09
192,1,4.956163479619136e-09
193,0,4.338351899946247e-09
193,1,5.1024069414040696e-09
194,0,5.360311305935284e-09
194,1,5.599750885210142e-09
195,0,4.597446867649069e-09
195,1,5.545260695072329e-09
196,0,5.085921017666806e-09
196,1,4.952777299394029e-09
197,0,5.137820835443563e-09
197,1,5.380840661928232e-09
198,0,5.30052313152396e-09
198,1,5.601399344357105e-09
199,0,5.014770376732258e-09
199,1,5.480544462699299e-09
200,0,5.451802120859384e-09
200,1,6.153781484385945e-09
201,0,4.944906262238646e-09
201,1,5.555726101391656e-09
202,0,4.122567176523262e-09
202,1,4.915667428662118e-09
203,0,5.354293453052605e-09
203,1,5.751828346944876e-09
204,0,4.601580894103563e-09
204,1,5.688115756186107e-09
205,0,5.314247708554376e-09
205,1,5.491282539793474e-09
206,0,5.385747403607866e-09
206,1,4.699737932156722e-09
207,0,5.19673992727121e-09
207,1,5.1844883941498665e-09
208,0,5.5674767018842886e-09
208,1,5.579579909209542e-09
209,0,5.733680641384353e-09
209,1,5.22994181295644e-09
210,0,6.6403882392762625e-09
210,1,7.1441990101561714e-09
211,0,5.084865861704202e-09
211,1,5.868792563035186e-09
212,0,5.7810014553183464e-09
212,1,6.065242530439718e-09
213,0,4.7794728175176715e-09
213,1,5.0674366924852166e-09
214,0,4.677569886979427e-09
214,1,6.550286091311364e-09
215,0,4.9054245110369266e-09
215,1,6.0018088277047354e-09
216,0,4.568037947905168e-09
216,1,5.608469688667128e-09
217,0,4.645764217769965e-09
217,1,5.344908959870054e-09
218,0,4.596835356807105e-09
218,1,5.014758386323592e-09
219,0,5.312109863098158e-09
219,1,5.777728961930961e-09
220,0,4.618089466390529e-09
220,1,5.50382273090122e-09
221,0,4.6470050030222865e-09
221,1,5.657002866144012e-09
222,0,5.5655959840805735e-09
222,1,6.103284544423104e-09
223,0,5.011796311293892e-09
223,1,4.961280719584238e-09
224,0,4.634180594820236e-09
224,1,5.563038918410257e-09
225,0,5.6236242329532615e-09
225,1,5.500333077890218e-09
226,0,4.826917532341213e-09
226,1,5.88672932622103e-09
227,0,5.270409886293237e-09
227,1,5.398253399846453e-09
228,0,5.206831854565053e-09
228,1,5.806364722360513e-09
229,0,6.264699425884146e-09
229,1,6.972434629659574e-09
230,0,5.1756412489112336e-09
230,1,6.550294529006351e-09
231,0,6.044206912747541e-09
231,1,6.1904685821900785e-09
232,0,4.498553085596768e-09
232,1,4.681539600426277e-09
233,0,4.993273350351046e-09
233,1,4.738073489107819e-09
234,0,5.704178462906384e-09
234,1,5.500334410157848e-09
235,0,4.604348013970139e-09
235,1,5.040447614845789e-09
236,0,4.947647624931051e-09
236,1,4.48643344697075e-09
237,0,6.234341487498796e-09
237,1,6.021025455993367e-09
238,0,5.538038472252538e-09
238,1,5.5871285375985735e-09
239,0,5.057050778134453e-09
239,1,5.56229018400245e-09
240,0,4.5778105750571285e-09
240,1,5.342124520524294e-09
241,0,4.227092897934881e-09
241,1,4.416961019160226e-09
242,0,5.279971126981309e-09
242,1,5.4647899538906586e-09
243,0,5.095196708992944e-09
243,1,6.808139385583445e-09
244,0,5.638606026536763e-09
244,1,5.860032015192473e-09
245,0,6.119367235157824e-09
245,1,6.192248935832367e-09
246,0,4.14120338021462e-09
246,1,5.409557246593977e-09
247,0,4.4274530708321436e-09
247,1,5.01855712542465e-09
248,0,5.0596500322797056e-09
248,1,6.470054270124592e-09
249,0,4.513789786386724e-09
249,1,4.367775918723282e-09
250,0,6.886966108510251e-09
250,1,6.201470892364114e-09
251,0,5.168756533890928e-09
251,1,6.7400538483752825e-09
252,0,5.132192448797923e-09
252,1,6.615034742196713e-09
253,0,4.584859158995869e-09
253,1,5.976943384666811e-09
254,0,5.572509564899519e-09
254,1,5.7618056992225775e-09
255,0,5.8203908359644174e-09
255,1,5.686750625955028e-09
256,0,5.750757203770718e-09
256,1,6.614011560657218e-09
257,0,6.271297259274888e-09
257,1,6.585389122903962e-09
258,0,6.264241125819581e-09
258,1,6.120792317432233e-09
259,0,5.008741421619334e-09
259,1,5.851470863404984e-09
260,0,5.529306346119256e-09
260,1,5.9982427913496394e-09
261,0,7.241953259295997e-09
261,1,6.791277762374648e-09
262,0,6.812897801466988e-09
262,1,7.0007573071961815e-09
263,0,7.038362337397075e-09
263,1,6.547011377477929e-09
264,0,5.817788917283906e-09
264,1,5.861134244611321e-09
265,0,6.209667446910316e-09
265,1,6.45981357294545e-09
266,0,4.988351953727488e-09
266,1,5.585196305446516e-09
267,0,5.118878654286618e-09
267,1,5.044083373206831e-09
268,0,6.091722681844658e-09
268,1,5.743480357978115e-09
269,0,5.723852058991952e-09
269,1,6.3153362539480895e-09
270,0,6.446334133158871e-09
270,1,6.5563283691005836e-09
271,0,4.719429291810684e-09
271,1,5.633641997349059e-09
272,0,5.1890820529365556e-09
272,1,5.69728930699398e-09
273,0,6.854472101025522e-09
273,1,6.749713232778731e-09
274,0,6.5429115458925935e-09
274,1,6.10486594609938e-09
275,0,6.8958878607361385e-09
275,1,7.012140645912268e-09
276,0,6.496389204357911e-09
276,1,7.085708908505239e-09
277,0,6.492819171199926e-09
277,1,5.92837068325025e-09
278,0,5.765330879370367e-09
278,1,6.66956978534472e-09
279,0,5.924833956783004e-09
279,1,7.56525952994025e-09
280,0,7.86970133503928e-09
280,1,7.875492258335726e-09
281,0,6.780436212494578e-09
281,1,6.828762444399672e-09
282,0,5.623028265233643e-09
282,1,6.349982761832962e-09
283,0,4.994234359401162e-09
283,1,6.563531051995142e-09
284,0,6.710934030706994e-09
284,1,6.458418244648101e-09
285,0,7.233368126691175e-09
285,1,6.997062484970229e-09
286,0,6.3375735770421215e-09
286,1,6.438744204473323e-09
287,0,6.7413985505027085e-09
287,1,7.466958606983098e-09
288,0,7.776536747883256e-09
288,1,7.783015121276549e-09
289,0,5.961642735030637e-09
289,1,6.018295195531209e-09
290,0,6.40857411582374e-09
290,1,5.19558440714718e-09
291,0,6.712431499522609e-09
291,1,6.885091607955474e-09
292,0,6.285422848861799e-09
292,1,6.835975341346057e-09
293,0,5.964728710949885e-09
293,1,6.179111444737373e-09
294,0,5.350571985474062e-09
294,1,6.7092122968404055e-09
295,0,5.8502189759224166e-09
295,1,5.624985366381452e-09
296,0,5.634749555838425e-09
296,1,6.41683728375142e-09
297,0,6.092646387401146e-09
297,1,5.992385698760927e-09
298,0,5.5202917792485096e-09
298,1,6.510885608435046e-09
299,0,6.920537032328866e-09
299,1,7.029982374007204e-09
300,0,5.361949106941211e-09
300,1,6.5940062299318924e-09
301,0,6.4363625540408975e-09
301,1,7.434143967088858e-09
302,0,5.6989053476286244e-09
302,1,6.120719042712608e-09
303,0,6.795963347627776e-09
303,1,6.499019100658643e-09
304,0,6.760935367111642e-09
304,1,6.875617852841742e-09
305,0,5.682285753039196e-09
305,1,6.771572191865971e-09
306,0,7.3957528989865295e-09
306,1,6.259574636402476e-09
307,0,6.643910310799583e-09
307,1,5.856727991471189e-09
308,0,6.6137380017039504e-09
308,1,7.004575586222472e-09
309,0,6.713977374062097e-09
309,1,6.5236149815461886e-09
310,0,6.359164306246612e-09
310,1,7.019917092065953e-09
311,0,6.397978147276717e-09
311,1,7.702075421889276e-09
312,0,5.463890229151502e-09
312,1,6.45519238062775e-09
313,0,6.532700602690511e-09
313,1,6.501332361352752e-09
314,0,6.398358287640349e-09
314,1,6.724671042235286e-09
315,0,7.304125304585796e-09
315,1,7.65722329987284e-09
316,0,6.427157916988335e-09
316,1,6.926254236816476e-09
317,0,6.072548686120172e-09
317,1,7.629717302393146e-09
318,0,6.411945641104921e-09
318,1,6.690564990918801e-09
319,0,5.5186322178713e-09
319,1,6.555350928749704e-09
320,0,6.287313336628131e-09
320,1,6.812818309498425e-09
321,0,5.839483119274291e-09
321,1,6.430742161001035e-09
322,0,6.2569318615146585e-09
322,1,6.209680325497402e-09
323,0,7.577880545284188e-09
323,1,6.782413741746041e-09
324,0,6.270335362046353e-09
324,1,7.204385532588731e-09
325,0,7.295172910204428e-09
325,1,6.48170050965291e-09
326,0,6.033151755957533e-09
326,1,7.37889971347272e-09
327,0,7.399166168653437e-09
327,1,6.630616500302722e-09
328,0,6.18492457249431e-09
328,1,6.73603262058009e-09
329,0,7.2202999135129176e-09
329,1,7.181835126601754e-09
330,0,6.00075900081265e-09
330,1,6.469254465457652e-09
331,0,5.656374924001284e-09
331,1,7.172560767543246e-09
332,0,6.441882582919334e-09
332,1,7.341014462980411e-09
333,0,6.882440395372669e-09
333,1,6.897642013115046e-09
334,0,7.543004443277823e-09
334,1,7.095548149038677e-09
335,0,5.895971710856429e-09
335,1,7.668322865583832e-09
336,0,6.728765100660894e-09
336,1,6.272873331880646e-09
337,0,5.690996562890405e-09
337,1,6.943814856441577e-09
338,0,6.486194692456593e-09
338,1,7.367136678482211e-09
339,0,5.630616861651561e-09
339,1,5.761020993588772e-09
340,0,6.485098236197473e-09
340,1,6.813689168438941e-09
341,0,5.262658309135304e-09
341,1,6.926481610491919e-09
342,0,5.846040540546937e-09
342,1,7.284558733999802e-09
343,0,7.790347922309593e-09
343,1,7.309477023653699e-09
344,0,6.779683925373092e-09
344,1,7.991144634900138e-09
345,0,5.978157524566541e-09
345,1,6.819164788396392e-09
346,0,6.2832685721048165e-09
346,1,6.882220571213793e-09
347,0,5.4756843503867e-09
347,1,6.753422265859399e-09
348,0,5.7648561480050375e-09
348,1,5.835529837128206e-09
349,0,7.094346887726033e-09
349,1,6.553003029097226e-09
350,0,6.957531883955426e-09
350,1,6.6725509562104435e-09
351,0,6.54422604995375e-09
351,1,5.936759972513528e-09
352,0,6.051160905684583e-09
352,1,7.098732712762512e-09
353,0,6.0169229598727725e-09
353,1,6.451962075715301e-09
354,0,5.547199588562535e-09
354,1,6.407038455336078e-09
355,0,6.4298673052576305e-09
355,1,6.015050235674835e-09
356,0,5.120900592459066e-09
356,1,6.029956534092662e-09
357,0,5.901954924780739e-09
357,1,5.9827462983719215e-09
358,0,6.407717023648729e-09
358,1,7.537527046963532e-09
359,0,6.66015109729301e-09
359,1,7.739052065858232e-09
360,0,6.275482800077725e-09
360,1,6.95808211048643e-09
361,0,6.833177579324001e-09
361,1,8.003793183775088e-09
362,0,6.4929808196723116e-09
362,1,6.232643734449539e-09
363,0,6.907041161241523e-09
363,1,7.236774735019935e-09
364,0,7.2995613997761666e-09
364,1,7.659812339966265e-09
365,0,6.959702147923963e-09
365,1,7.310532623705512e-09
366,0,6.78857681180034e-09
366,1,6.6538112797331905e-09
367,0,7.970422544190114e-09
367,1,6.9856902484843886e-09
368,0,6.179894374014339e-09
368,1,6.525190610062737e-09
369,0,6.7922294455513565e-09
369,1,7.418315739471382e-09
370,0,6.65914434705428e-09
370,1,7.599531670621218e-09
371,0,6.3649943093935235e-09
371,1,7.623289555169777e-09
372,0,8.406146001505022e-09
372,1,7.57088702840747e-09
373,0,6.820867870516167e-09
373,1,7.416076197586108e-09
374,0,7.111211175470089e-09
374,1,7.012958658236812e-09
375,0,7.940127666472563e-09
375,1,8.703796794407026e-09
376,0,7.403509361125771e-09
376,1,6.949174569115257e-09
377,0,6.034830413170766e-09
377,1,6.524092377446777e-09
378,0,7.77551623087902e-09
378,1,7.286999004207928e-09
379,0,7.412048752541978e-09
379,1,7.70543895356468e-09
380,0,7.026459414305464e-09
380,1,7.791282286007117e-09
381,0,6.6090874994984006e-09
381,1,8.46198222603789e-09
382,0,8.164699139001641e-09
382,1,8.511213955841868e-09
383,0,7.544180391505506e-09
383,1,7.545025049182641e-09
384,0,7.005212854238607e-09
384,1,6.975139577036771e-09
385,0,6.569493393726589e-09
385,1,7.220508635441547e-09
386,0,6.0324754080909315e-09
386,1,7.255771983238901e-09
387,0,6.292673493391021e-09
387,1,7.379657329664724e-09
388,0,7.337251695105351e-09
388,1,7.228915244184009e-09
389,0,7.777908095363273e-09
389,1,8.289843478337389e-09
390,0,6.945159558569003e-09
390,1,8.229140036064564e-09
391,0,6.924560036480898e-09
391,1,8.284522401424965e-09
392,0,9.303391834691865e-09
392,1,8.265535811347036e-09
393,0,6.67413191379751e-09
393,1,7.657125600246673e-09
394,0,7.536345769665331e-09
394,1,7.874245255834467e-09
395,0,7.0252990092001255e-09
395,1,7.64466356883986e-09
396,0,7.026624171402318e-09
396,1,7.929839007658757e-09
397,0,8.156835207273616e-09
397,1,7.785803113335987e-09
398,0,7.078477359812041e-09
398,1,7.973714133413523e-09
399,0,7.402619850438441e-09
399,1,8.327345923930807e-09
400,0,6.846734290633094e-09
400,1,7.741737029220985e-09
401,0,8.367963211242113e-09
401,1,7.62215535132782e-09
402,0,6.058253010365888e-09
402,1,6.8513448248097575e-09
403,0,7.113018174464969e-09
403,1,7.070347862736526e-09
404,0,6.714224731751983e-09
404,1,8.562850872806393e-09
405,0,6.935918506201233e-09
405,1,7.831235215860488e-09
406,0,6.834472543459924e-09
406,1,6.782375994163203e-09
407,0,7.308696758911992e-09
407,1,7.522734435383427e-09
408,0,6.249751827169803e-09
408,1,7.059725248836912e-09
409,0,6.866461621513054e-09
409,1,8.480857793813357e-09
410,0,6.899961046968883e-09
410,1,6.024861942677262e-09
411,0,7.959859438244621e-09
411,1,7.729916262633196e-09
412,0,6.215052916758168e-09
412,1,7.5125665688347e-09
413,0,6.74539224476689e-09
413,1,6.9936163527017925e-09
414,0,7.145620095627692e-09
414,1,7.338675001022921e-09
415,0,5.314838347203477e-09
415,1,6.220761683550791e-09
416,0,7.3777304265831845e-09
416,1,8.052380096046363e-09
417,0,6.796244456097611e-09
417,1,8.116045613348888e-09
418,0,7.031295101711521e-09
418,1,7.108346800066556e-09
419,0,6.776088135040936e-09
419,1,7.58631468755766e-09
420,0,6.327674828554564e-09
420,1,8.06702171729512e-09
421,0,6.035243860225137e-09
421,1,7.136884860869941e-09
422,0,6.4913576736103096e-09
422,1,7.438822446914628e-09
423,0,7.096925269678422e-09
423,1,7.443156757602765e-09
424,0,7.714608507569665e-09
424,1,7.725210693365625e-09
425,0,7.350355435420397e-09
425,1,7.562340087474695e-09
426,0,6.6476952831351355e-09
426,1,8.578258992031351e-09
427,0,7.1700760884141346e-09
427,1,8.557391240060497e-09
428,0,6.913544403630567e-09
428,1,6.563644738832863e-09
429,0,7.759454412337163e-09
429,1,8.481451096997716e-09
430,0,7.369443721927382e-09
430,1,9.125404432097639e-09
431,0,6.573698474454659e-09
431,1,7.342407126742501e-09
432,0,6.0504952159590175e-09
432,1,6.943387198532491e-09
433,0,5.940225644707198e-09
433,1,7.983594230154267e-09
434,0,7.292370707290274e-09
434,1,8.345771185247486e-09
435,0,7.0528263229618915e-09
435,1,7.90749510315436e-09
436,0,8.044670707363366e-09
436,1,7.175092076039391e-09
437,0,7.074111518790005e-09
437,1,7.510537081145685e-09
438,0,6.0002034452111275e-09
438,1,8.172869492284462e-09
439,0,7.943000035481873e-09
439,1,8.608217250127836e-09
440,0,7.983938843381111e-09
440,1,7.692166015260682e-09
441,0,6.204488478545045e-09
441,1,7.148049707694781e-09
442,0,6.4885234962730465e-09
442,1,6.764849125318051e-09
443,0,5.660494295511853e-09
443,1,6.726324830452768e-09
444,0,7.824493941654964e-09
444,1,7.567547477549397e-09
445,0,9.534484313178382e-09
445,1,7.193735829247316e-09
446,0,5.754751786213319e-09
446,1,6.852911127452899e-09
447,0,6.680060948838218e-09
447,1,7.54793205715032e-09
448,0,8.537588414014863e-09
448,1,8.190215616821206e-09
449,0,8.524722261427087e-09
449,1,8.157049258272764e-09
450,0,6.869282032084811e-09
450,1,6.9096515176170215e-09
451,0,8.427759823348424e-09
451,1,8.526040318201922e-09
452,0,7.603566665181916e-09
452,1,8.480297353230526e-09
453,0,7.60583596104425e-09
453,1,8.620534508452238e-09
454,0,8.657589312122127e-09
454,1,9.214928375911313e-09
455,0,7.32546778792198e-09
455,1,7.461437689926242e-09
456,0,6.143940023406458e-09
456,1,7.330918982972889e-09
457,0,6.373886307642351e-09
457,1,6.951264452936812e-09
458,0,8.180159660753361e-09
458,1,7.939313206861698e-09
459,0,8.059294565043729e-09
459,1,8.14296097217948e-09
460,0,7.739333618417277e-09
460,1,8.820548735855027e-09
461,0,7.386021572131085e-09
461,1,7.553029313100978e-09
462,0,7.12249237366791e-09
462,1,8.494131620295775e-09
463,0,6.782389316839499e-09
463,1,7.518892175539804e-09
464,0,7.246923505732639e-09
464,1,7.729910933562678e-09
465,0,8.455735667212139e-09
465,1,8.68622063165958e-09
466,0,7.59718510323637e-09
466,1,7.702292137423683e-09
467,0,7.1632197951032595e-09
467,1,7.814605851308443e-09
468,0,7.767053666896118e-09
468,1,7.98755550590613e-09
469,0,9.255879618308427e-09
469,1,8.564020603785139e-09
470,0,6.89647583484998e-09
470,1,8.064138690144773e-09
471,0,8.387258887410098e-09
471,1,9.340987539019352e-09
472,0,5.768924005167264e-09
472,1,7.368275767305477e-09
473,0,7.657034117869443e-09
473,1,7.227201503923197e-09
474,0,7.0766135173983e-09
474,1,8.461793044034494e-09
475,0,7.97218380199638e-09
475,1,7.504344701203536e-09
476,0,7.709192395566333e-09
476,1,9.027279368467589e-09
477,0,7.592942274925463e-09
477,1,8.067563506131137e-09
478,0,7.870981200142069e-09
478,1,7.670087676103776e-09
479,0,9.288711133592642e-09
479,1,7.68296182229733e-09
480,0,8.904548209898167e-09
480,1,9.567163949952828e-09
481,0,7.1800783096875875e-09
481,1,8.095355497061973e-09
482,0,8.490974146013741e-09
482,1,8.396621176132157e-09
483,0,6.274444963594306e-09
483,1,6.711402100734176e-09
484,0,6.969022692260296e-09
484,1,7.61166951690484e-09
485,0,6.989704370852223e-09
485,1,7.1667352052884326e-09
486,0,7.79240227899436e-09
486,1,8.201021195475278e-09
487,0,7.291042436463613e-09
487,1,7.178800665030849e-09
488,0,6.555625819970601e-09
488,1,6.922123318986451e-09
489,0,9.687726176821343e-09
489,1,7.314144401249223e-09
490,0,5.9566822585566115e-09
490,1,6.981949240980612e-09
491,0,6.737688185154411e-09
491,1,7.087903597380318e-09
492,0,6.946375918914782e-09
492,1,7.3454908822156995e-09
493,0,6.82260781204036e-09
493,1,7.0514047934011614e-09
494,0,7.203800667099358e-09
494,1,7.087081144163676e-09
495,0,7.081892849924998e-09
495,1,7.279999714171481e-09
496,0,6.424614173994314e-09
496,1,6.762872484245008e-09
497,0,6.959143927787181e-09
497,1,6.784012018812291e-09
498,0,6.255811424438207e-09
498,1,7.86552867282353e-09
499,0,6.397240959188366e-09
499,1,7.756748132692337e-09
500,0,7.203813101597234e-09
500,1,7.098567067487238e-09
501,0,7.099635990215347e-09
501,1,8.352980529480192e-09
502,0,7.121983891522632e-09
502,1,8.213358881903332e-09
503,0,7.096049525756598e-09
503,1,7.501025578449116e-09
504,0,7.8168040928972e-09
504,1,7.52458895192376e-09
505,0,8.955072239302808e-09
505,1,8.579553067988854e-09
506,0,7.2564136921471345e-09
506,1,8.232287740383981e-09
507,0,7.552981351466315e-09
507,1,7.834891846414394e-09
508,0,7.45865946782942e-09
508,1,7.760298181835878e-09
509,0,5.931996227559466e-09
509,1,7.325685391634806e-09
510,0,7.531695267459781e-09
510,1,8.161524789329633e-09
511,0,7.325452244799635e-09
511,1,8.241010540643856e-09
512,0,8.812227392240857e-09
512,1,7.718576888748885e-09
513,0,6.151211984217753e-09
513,1,7.795588174985824e-09
514,0,6.6261329756400755e-09
514,1,6.872133084812049e-09
515,0,6.40812780616784e-09
515,1,6.4716263459274614e-09
516,0,6.276064556942629e-09
516,1,6.5153278328011766e-09
517,0,7.263964096893005e-09
517,1,7.430845272438091e-09
518,0,5.3899418261948995e-09
518,1,6.963110088520352e-09
519,0,7.46639194915133e-09
519,1,7.522315215169328e-09
520,0,7.016072611776281e-09
520,1,7.011316860427996e-09
521,0,6.762221893552578e-09
521,1,7.012308067544382e-09
522,0,7.292011439119506e-09
522,1,7.026626391848367e-09
523,0,6.357606885387668e-09
523,1,6.76855327341741e-09
524,0,7.130525059295678e-09
524,1,6.682377318156796e-09
525,0,6.232163229924481e-09
525,1,7.129480561474111e-09
526,0,5.805428138216939e-09
526,1,7.037171734225467e-09
527,0,6.063749946605412e-09
527,1,6.772070904048633e-09
528,0,6.288357390360488e-09
528,1,7.123592382640709e-09
529,0,7.867181572862592e-09
529,1,7.425210668543514e-09
530,0,5.947256465077544e-09
530,1,6.944258945651427e-09
531,0,6.246422490363557e-09
531,1,7.951492797531046e-09
532,0,6.686079245810106e-09
532,1,6.900787496988414e-09
533,0,6.051995349309891e-09
533,1,7.002978197334642e-09
534,0,7.279860270159588e-09
534,1,6.496433613278896e-09
535,0,6.302649957490303e-09
535,1,7.737646079419847e-09
536,0,5.958918691817416e-09
536,1,6.498526161635709e-09
537,0,6.16641271378171e-09
537,1,6.323312096156997e-09
538,0,6.422689047269614e-09
538,1,7.057588291559114e-09
539,0,7.488213604744942e-09
539,1,7.805103230396071e-09
540,0,5.115192713844863e-09
540,1,6.659961027111194e-09
541,0,4.527166641565827e-09
541,1,5.414321435637248e-09
542,0,5.691670246221747e-09
542,1,6.704997002060509e-09
543,0,7.404054258586257e-09
543,1,6.218627834897461e-09
544,0,7.905367915839179e-09
544,1,7.523667022724112e-09
545,0,5.972505157103569e-09
545,1,6.248020767429807e-09
546,0,6.230202576062993e-09
546,1,5.956719117961029e-09
547,0,6.784565798056974e-09
547,1,6.88990153818736e-09
548,0,7.002683322099301e-09
548,1,6.80430467525639e-09
549,0,6.3352842971653445e-09
549,1,7.177149541348626e-09
550,0,6.596980739459468e-09
550,1,7.244694621988401e-09
551,0,6.719085288153792e-09
551,1,6.5214589284323665e-09
552,0,5.792017088168677e-09
552,1,6.729555135365217e-09
553,0,5.9300968580089375e-09
553,1,5.9919251782503125e-09
554,0,5.396203484053785e-09
554,1,5.913847189731314e-09
555,0,6.182041545343964e-09
555,1,7.05679958912242e-09
556,0,5.8910125666500335e-09
556,1,6.793217988132483e-09
557,0,6.102613081537811e-09
557,1,6.919405048932958e-09
558,0,5.855853579816994e-09
558,1,7.1133219314845064e-09
559,0,5.685183435133467e-09
559,1,6.777340910701923e-09
560,0,6.409629715875553e-09
560,1,6.559683907170211e-09
561,0,6.6342127347240876e-09
561,1,6.601109880932654e-09
562,0,5.983317397095789e-09
562,1,5.930368196516156e-09
563,0,8.03373190194634e-09
563,1,6.573178001900715e-09
564,0,6.136303021264666e-09
564,1,6.436498445339112e-09
565,0,6.1929354977507955e-09
565,1,7.493929921054132e-09
566,0,6.103172189853012e-09
566,1,5.798498570186439e-09
567,0,5.732337271524557e-09
567,1,6.3255218840652105e-09
568,0,5.612005971045164e-09
568,1,5.564374738753486e-09
569,0,6.32229468777723e-09
569,1,6.7686651838982925e-09
570,0,6.085929538102164e-09
570,1,6.155598253343442e-09
571,0,6.6953216304455054e-09
571,1,7.369940213663995e-09
572,0,6.197983015709951e-09
572,1,6.163114463220154e-09
573,0,7.570900351083765e-09
573,1,7.4321864218518385e-09
574,0,7.2061068223661096e-09
574,1,7.752485764456196e-09
575,0,7.23839033156537e-09
575,1,7.365583254426156e-09
576,0,5.553185022932894e-09
576,1,6.178687783631176e-09
577,0,6.195037816070226e-09
577,1,6.708920974318744e-09
578,0,6.05022210109496e-09
578,1,6.558859677596729e-09
579,0,6.395338036924159e-09
579,1,5.5691149469794254e-09
580,0,6.744704794670042e-09
580,1,7.154468573133954e-09
581,0,5.366088906555433e-09
581,1,6.417877340680889e-09
582,0,6.3546989892415695e-09
582,1,7.369023169445654e-09
583,0,6.0314357952506725e-09
583,1,6.383792161557267e-09
584,0,7.035398486010536e-09
584,1,6.7602416997658565e-09
585,0,5.584013251791475e-09
585,1,6.52337384110524e-09
586,0,6.536142738156059e-09
586,1,6.9515020406640815e-09
587,0,6.555316289791335e-09
587,1,6.9827286175438985e-09
588,0,6.31462482303391e-09
588,1,6.9886731957069514e-09
589,0,6.132665930635994e-09
589,1,6.120036477597068e-09
590,0,5.89034110376474e-09
590,1,6.258576767947943e-09
591,0,7.094288267950333e-09
591,1,6.797298723881795e-09
592,0,5.942134340131133e-09
592,1,6.478626968231538e-09
593,0,5.830796290240414e-09
593,1,7.040489080623047e-09
594,0,5.797264890361475e-09
594,1,6.802214791434835e-09
595,0,5.3789710463547635e-09
595,1,5.8650164724838305e-09
596,0,5.3497437590976915e-09
596,1,6.0846656602109306e-09
597,0,6.273102926002139e-09
597,1,7.387302325412293e-09
598,0,6.858029255596421e-09
598,1,7.245549049628153e-09
599,0,6.699837129531261e-09
599,1,7.084332231954704e-09
600,0,6.969251398203369e-09
600,1,6.73079014745781e-09
601,0,6.174982303264187e-09
601,1,6.110796313407718e-09
602,0,5.841732431122182e-09
602,1,6.91223345228309e-09
603,0,4.8915307360175575e-09
603,1,5.616636933325481e-09
604,0,6.134262431345405e-09
604,1,6.318051859466323e-09
605,0,7.542908520008496e-09
605,1,7.453992978412316e-09
606,0,7.192729079008586e-09
606,1,7.135250168488483e-09
607,0,6.0650791056104936e-09
607,1,6.984661293785166e-09
608,0,5.9839515564874546e-09
608,1,7.55761320192505e-09
609,0,5.892737853230301e-09
609,1,6.307157462970281e-09
610,0,6.8185483925731205e-09
610,1,6.919441908337376e-09
611,0,6.61175514338197e-09
611,1,7.169865146039456e-09
612,0,5.505049305298826e-09
612,1,6.63722721228055e-09
613,0,6.89724544145065e-09
613,1,7.038660321256884e-09
614,0,5.996781737849233e-09
614,1,6.530746166077961e-09
615,0,6.416093434324921e-09
615,1,6.489872639292571e-09
616,0,5.749673182009474e-09
616,1,6.421413178969715e-09
617,0,5.770512956360108e-09
617,1,7.117133993261859e-09
618,0,6.600989088667575e-09
618,1,6.923452033902322e-09
619,0,7.339781227244657e-09
619,1,7.249068900705424e-09
620,0,7.753051534109545e-09
620,1,7.881600261328003e-09
621,0,7.49526662957578e-09
621,1,7.280377189999854e-09
622,0,6.4811693789579294e-09
622,1,6.2440332904145635e-09
623,0,7.149615122159503e-09
623,1,7.114469458002759e-09
624,0,7.57020579555956e-09
624,1,7.380897226738625e-09
625,0,5.672495362318841e-09
625,1,7.123044376555754e-09
626,0,6.1007279228419975e-09
626,1,6.51801324025314e-09
627,0,6.950494402246932e-09
627,1,6.4984870817852425e-09
628,0,6.378738426349173e-09
628,1,6.571365229746107e-09
629,0,5.429750427055069e-09
629,1,6.615475722782094e-09
630,0,6.642225880426622e-09
630,1,6.744687475190858e-09
631,0,6.448833911321117e-09
631,1,7.259563172823391e-09
632,0,5.533747238217757e-09
632,1,5.7232072414592494e-09
633,0,6.3909517677984695e-09
633,1,5.862068164219636e-09
634,0,8.286439978633098e-09
634,1,8.204584567295115e-09
635,0,4.8675752317706156e-09
635,1,6.002522034975755e-09
636,0,8.151156194458054e-09
636,1,6.9486172371568955e-09
637,0,5.2164526032072445e-09
637,1,6.529688789669308e-09
638,0,7.174943750243301e-09
638,1,7.545273739140157e-09
639,0,6.417306686046231e-09
639,1,7.310209770849951e-09
640,0,7.219418840520575e-09
640,1,7.0244401406682755e-09
641,0,6.404179853092273e-09
641,1,7.168978743976595e-09
642,0,5.88589799122019e-09
642,1,6.876145874912254e-09
643,0,7.472244156758734e-09
643,1,7.861897799443796e-09
644,0,5.490363719218294e-09
644,1,7.58616813811841e-09
645,0,7.77720465805487e-09
645,1,7.067585627851258e-09
646,0,5.597966534764964e-09
646,1,6.220416182145527e-09
647,0,7.018334358122047e-09
647,1,7.329710616232887e-09
648,0,7.288199377342153e-09
648,1,7.162937354365795e-09
649,0,6.652223216718767e-09
649,1,6.5178009656108316e-09
650,0,7.331444784597352e-09
650,1,6.7896586131155345e-09
651,0,7.0741563718002e-09
651,1,6.915919392724845e-09
652,0,6.016571685307781e-09
652,1,6.746545988534081e-09
653,0,6.432932408984016e-09
653,1,6.94087320951553e-09
654,0,5.4961026840771865e-09
654,1,7.268389445869161e-09
655,0,7.240834154487175e-09
655,1,7.212091368558049e-09
656,0,6.000453023347063e-09
656,1,6.611484693053171e-09
657,0,5.334956920677314e-09
657,1,6.604492064354872e-09
658,0,5.983761930394849e-09
658,1,7.085886544189179e-09
659,0,6.594854884411916e-09
659,1,6.888590142750672e-09
660,0,6.885304770776202e-09
660,1,6.723053669333012e-09
661,0,6.111750217030476e-09
661,1,6.773789973379962e-09
662,0,8.069529933152353e-09
662,1,7.580410965601914e-09
663,0,7.4425083873563835e-09
663,1,7.3532597788528165e-09
664,0,6.761515791708916e-09
664,1,7.126012668834392e-09
665,0,7.314861161233921e-09
665,1,7.481049557611641e-09
666,0,7.459248330121682e-09
666,1,6.215200798465048e-09
667,0,7.464810991564264e-09
667,1,7.042689542657854e-09
668,0,5.7768811956293575e-09
668,1,7.063378770766349e-09
669,0,6.413433339957919e-09
669,1,6.556422071923862e-09
670,0,6.813250852388819e-09
670,1,7.798447221318838e-09
671,0,6.02024652351929e-09
671,1,6.394351270699872e-09
672,0,6.636466487464077e-09
672,1,7.458138995275476e-09
673,0,7.959225278852955e-09
673,1,7.46037809307154e-09
674,0,8.785479899131587e-09
674,1,6.7502927691975856e-09
675,0,6.616801773162706e-09
675,1,6.29984420186247e-09
676,0,6.528461327093282e-09
676,1,5.807090808218618e-09
677,0,7.105255939166e-09
677,1,7.778554689252815e-09
678,0,7.029923754231504e-09
678,1,7.657532385962895e-09
679,0,5.1402477829753934e-09
679,1,6.259155416188378e-09
680,0,7.109896671408933e-09
680,1,7.042215699470944e-09
681,0,8.567668352554847e-09
681,1,7.80504638697721e-09
682,0,5.901169330968514e-09
682,1,6.3800524863211194e-09
683,0,5.701533023483307e-09
683,1,6.580697320401896e-09
684,0,5.155300630832471e-09
684,1,6.4720881987057055e-09
685,0,6.099571958628758e-09
685,1,8.011225460791138e-09
686,0,6.097430560458861e-09
686,1,6.201821722839895e-09
687,0,5.792300861173771e-09
687,1,7.129090207058653e-09
688,0,6.666053486981127e-09
688,1,7.025786175063331e-09
689,0,6.259441853728731e-09
689,1,7.042976868376627e-09
690,0,7.57822871122471e-09
690,1,7.89005305534829e-09
691,0,6.75623290646854e-09
691,1,7.779352273473705e-09
692,0,6.479230041378514e-09
692,1,7.893652842483334e-09
693,0,7.1866534945286276e-09
693,1,6.5180616459770135e-09
694,0,6.726710299886918e-09
694,1,6.6455121405795126e-09
695,0,6.34403374277781e-09
695,1,6.994412604655054e-09
696,0,7.031486948250176e-09
696,1,6.609402802837394e-09
697,0,6.654875761569201e-09
697,1,6.745262570717614e-09
698,0,6.3811094186405626e-09
698,1,6.994529844206454e-09
699,0,5.679543946257581e-09
699,1,6.843408506540527e-09
700,0,6.397342211528212e-09
700,1,6.893408066588336e-09
701,0,7.698944592959833e-09
701,1,7.681692615335578e-09
702,0,7.00952940135835e-09
702,1,8.391220163161961e-09
703,0,6.4263989685287015e-09
703,1,7.327543460888819e-09
704,0,5.4249120751137525e-09
704,1,5.915434364567318e-09
705,0,5.339068298582106e-09
705,1,6.891488268934154e-09
706,0,5.825039117723918e-09
706,1,6.6250134267420435e-09
707,0,8.023183006855561e-09
707,1,6.87837831137017e-09
708,0,7.543810909282911e-09
708,1,7.738297114201487e-09
709,0,6.834830035273853e-09
709,1,6.817189923680189e-09
710,0,6.791207152190282e-09
710,1,6.902766802596716e-09
711,0,6.00615024382023e-09
711,1,6.693427145876285e-09
712,0,5.420693671709387e-09
712,1,6.390007634138328e-09
713,0,6.666967422574999e-09
713,1,6.59238530431594e-09
714,0,6.867727275761126e-09
714,1,6.769470317635751e-09
715,0,6.130644436552757e-09
715,1,6.215830072875406e-09
716,0,7.1826047332024245e-09
716,1,6.21146378776416e-09
717,0,8.495947056985642e-09
717,1,8.079026336815787e-09
718,0,7.209299379695722e-09
718,1,6.937065588630276e-09
719,0,7.557660275381295e-09
719,1,6.837233001988352e-09
720,0,8.217529767762244e-09
720,1,8.023714137550542e-09
721,0,4.89119722502096e-09
721,1,6.6875376347752535e-09
722,0,7.232885401720068e-09
722,1,7.799100920635738e-09
723,0,6.96225832541586e-09
723,1,7.78034348059009e-09
724,0,5.837049510404313e-09
724,1,6.995738210946456e-09
725,0,6.133071384084587e-09
725,1,6.843871247497191e-09
726,0,5.864459140525469e-09
726,1,7.458261563897395e-09
727,0,7.407765956202184e-09
727,1,7.4469421740275266e-09
728,0,6.928376983239559e-09
728,1,6.787200135249805e-09
729,0,5.738589603510036e-09
729,1,7.268443624752763e-09
730,0,4.694141075844982e-09
730,1,6.320327372577594e-09
731,0,7.536039348110535e-09
731,1,7.672967150540444e-09
732,0,8.731097622671768e-09
732,1,7.335184903922709e-09
733,0,6.538445784798341e-09
733,1,6.011928732618799e-09
734,0,5.960231419521733e-09
734,1,6.4772920360667285e-09
735,0,7.261073964315301e-09
735,1,7.302047411172907e-09
736,0,6.83940015733242e-09
736,1,6.9876158192982984e-09
737,0,6.785060069347537e-09
737,1,7.12755854337388e-09
738,0,6.205739921938402e-09
738,1,6.375969086036548e-09
739,0,6.951578424008176e-09
739,1,6.9817720493858815e-09
740,0,5.859542628883219e-09
740,1,6.704812260949211e-09
741,0,6.554630616051327e-09
741,1,6.820912279437152e-09
742,0,6.348047865145645e-09
742,1,6.969191002070829e-09
743,0,7.191382600524321e-09
743,1,7.249450817425895e-09
744,0,6.562279608601784e-09
744,1,7.2123502725673916e-09
745,0,6.134704300109206e-09
745,1,7.081725872382094e-09
746,0,5.470844666177754e-09
746,1,6.728814838652397e-09
747,0,6.190034707032055e-09
747,1,6.122960360954721e-09
748,0,6.12711081870998e-09
748,1,7.182206829270399e-09
749,0,5.6735580677980124e-09
749,1,6.766601501340119e-09
750,0,6.770139560074995e-09
750,1,7.217073605403357e-09
751,0,6.6266720999408335e-09
751,1,7.2392647432195645e-09
752,0,6.552515419144811e-09
752,1,6.927110884902277e-09
753,0,6.411339903422686e-09
753,1,7.613026653530142e-09
754,0,5.7132076847210556e-09
754,1,6.403416019651331e-09
755,0,6.7217276189524e-09
755,1,6.915380268424087e-09
756,0,6.738456459487452e-09
756,1,6.339457847559515e-09
757,0,7.918949940233233e-09
757,1,7.740446505977161e-09
758,0,8.156489705868353e-09
758,1,7.660696965672287e-09
759,0,6.229839311089336e-09
759,1,7.327676687651774e-09
760,0,6.852658440692494e-09
760,1,7.749233255083254e-09
761,0,7.098237997382739e-09
761,1,7.3496817520890545e-09
762,0,7.955303971129979e-09
762,1,7.785986966268865e-09
763,0,6.582501210772307e-09
763,1,7.209671970542786e-09
764,0,6.5188316966668935e-09
764,1,6.632077997892338e-09
765,0,7.131830681572637e-09
765,1,7.989492623039496e-09
766,0,7.0330621326775145e-09
766,1,7.2870478540210115e-09
767,0,8.782651050864843e-09
767,1,7.795025958046153e-09
768,0,6.8083183535350145e-09
768,1,6.5557244077751875e-09
769,0,7.089741238530678e-09
769,1,7.233142973461781e-09
770,0,6.868821955663407e-09
770,1,7.123870382486075e-09
771,0,5.931556579241715e-09
771,1,7.587394712516016e-09
772,0,7.2581491927792285e-09
772,1,7.680884372973651e-09
773,0,6.920700013068881e-09
773,1,7.709160421143224e-09
774,0,6.656379003544544e-09
774,1,7.217845876539286e-09
775,0,7.0157590847941265e-09
775,1,7.229815857101585e-09
776,0,6.8441448064504584e-09
776,1,7.76307551575428e-09
777,0,6.770445981629791e-09
777,1,6.253769058162106e-09
778,0,7.509616040124456e-09
778,1,7.77960540432332e-09
779,0,7.241254706968903e-09
779,1,7.395180467995033e-09
780,0,6.5099494683806824e-09
780,1,7.312606964404722e-09
781,0,6.4518825837467375e-09
781,1,7.85412268555774e-09
782,0,7.296242277021747e-09
782,1,6.313804590263317e-09
783,0,7.589360251358812e-09
783,1,8.048202992938513e-09
784,0,6.414385023134628e-09
784,1,6.296782650849764e-09
785,0,7.869028983975568e-09
785,1,7.394036494190459e-09
786,0,6.084082126989188e-09
786,1,6.321446921475626e-09
787,0,6.779005357060441e-09
787,1,7.156189862911333e-09
788,0,6.949695041669202e-09
788,1,6.997299184519079e-09
789,0,6.588853018740792e-09
789,1,6.898970728030918e-09
790,0,8.159918074568395e-09
790,1,8.449882571426315e-09
791,0,8.625878678003573e-09
791,1,7.946748148413008e-09
792,0,6.965844345785399e-09
792,1,7.477137131672862e-09
793,0,7.284650216377031e-09
793,1,7.53833351296862e-09
794,0,6.39222497156311e-09
794,1,6.9706382888057306e-09
795,0,6.7279462001579304e-09
795,1,7.05863634209436e-09
796,0,7.4399584271134245e-09
796,1,7.841633120619917e-09
797,0,5.828225901893802e-09
797,1,6.1470921686179736e-09
798,0,6.988329914747737e-09
798,1,6.908960958895705e-09
799,0,7.000193757988882e-09
799,1,6.932917351321066e-09
800,0,5.765384614164759e-09
800,1,6.200311819526405e-09
801,0,6.404729635534068e-09
801,1,6.372670835474992e-09
802,0,7.912446697844189e-09
802,1,7.153101666546036e-09
803,0,7.415397185184247e-09
803,1,7.2041612675377564e-09
804,0,6.4365401897248375e-09
804,1,6.950733766331041e-09
805,0,6.608709579580818e-09
805,1,7.117948896961934e-09
806,0,6.782038930452927e-09
806,1,7.394387324666241e-09
807,0,6.543905417544238e-09
807,1,6.963772225532239e-09
808,0,7.164568494033574e-09
808,1,6.385342921078063e-09
809,0,6.958418286018286e-09
809,1,7.207050067847831e-09
810,0,5.64963453797418e-09
810,1,6.5716649899627555e-09
811,0,6.081386505485398e-09
811,1,6.482918646355529e-09
812,0,6.131986030055714e-09
812,1,6.9798615776051065e-09
813,0,5.947680126183741e-09
813,1,7.545836844258247e-09
814,0,6.5009273519933686e-09
814,1,6.81138123681535e-09
815,0,8.567118570113053e-09
815,1,8.033804732576755e-09
816,0,7.300472670834779e-09
816,1,6.897612259137986e-09
817,0,7.231721443901051e-09
817,1,7.210859465089925e-09
818,0,6.461217338937786e-09
818,1,6.829022680676644e-09
819,0,5.944278402836289e-09
819,1,7.686912439908156e-09
820,0,6.62448984556363e-09
820,1,7.026721426939275e-09
821,0,7.367824572668269e-09
821,1,7.832638537763614e-09
822,0,6.042419009588684e-09
822,1,6.372373739793602e-09
823,0,6.6138681198424365e-09
823,1,7.183724726189666e-09
824,0,6.5300898022258025e-09
824,1,7.570251980837384e-09
825,0,7.588105255251776e-09
825,1,7.401594448452897e-09
826,0,7.772195331767762e-09
826,1,6.497366644708791e-09
827,0,7.611626884340694e-09
827,1,7.82266873500248e-09
828,0,6.65624266815712e-09
828,1,7.038552851668101e-09
829,0,6.234280203187836e-09
829,1,7.0898491522086715e-09
830,0,6.661585505440826e-09
830,1,7.372302768260397e-09
831,0,7.046355499085166e-09
831,1,7.883971697708603e-09
832,0,6.181234635249666e-09
832,1,6.399339280704908e-09
833,0,7.169429938613803e-09
833,1,7.1226216036279766e-09
834,0,6.126435803111008e-09
834,1,6.855199963240466e-09
835,0,6.83389256295186e-09
835,1,7.071611296538549e-09
836,0,6.658051443508839e-09
836,1,6.9548518055739805e-09
837,0,6.0220437525515536e-09
837,1,6.712454148072311e-09
838,0,7.308542215866964e-09
838,1,7.990002437452404e-09
839,0,6.883682512892619e-09
839,1,7.545683189391639e-09
840,0,4.862908742353511e-09
840,1,6.476434943891718e-09
841,0,7.18232318064338e-09
841,1,7.56312701355455e-09
842,0,5.9851097411467435e-09
842,1,6.107911509900532e-09
843,0,6.51700649001441e-09
843,1,7.344806096654111e-09
844,0,6.460488588544422e-09
844,1,7.4411579120692295e-09
845,0,6.321508205786586e-09
845,1,7.14598069606609e-09
846,0,6.190215451340464e-09
846,1,7.597757978317077e-09
847,0,7.864779938415722e-09
847,1,6.923469797470716e-09
848,0,7.216820474553742e-09
848,1,7.520342570899174e-09
849,0,7.164444593144026e-09
849,1,7.550045921789206e-09
850,0,6.69664101948797e-09
850,1,6.976483835074987e-09
851,0,8.782945926100183e-09
851,1,7.319878481126807e-09
852,0,7.306918181626543e-09
852,1,6.8251444496070235e-09
853,0,6.286992704218619e-09
853,1,6.475989966503448e-09
854,0,7.0854122569130595e-09
854,1,6.75999389798676e-09
855,0,7.112515465479419e-09
855,1,7.50679252092823e-09
856,0,6.637008276300094e-09
856,1,7.276042879311717e-09
857,0,7.032943116769275e-09
857,1,7.666328905031605e-09
858,0,6.692544740616313e-09
858,1,6.774857563840442e-09
859,0,6.964355758753982e-09
859,1,7.619643582756908e-09
860,0,5.883793008365501e-09
860,1,7.1590848804703455e-09
861,0,6.245668870974441e-09
861,1,6.42287822927301e-09
862,0,6.781959882573574e-09
862,1,7.176199634528757e-09
863,0,6.720784817559888e-09
863,1,7.202684670915005e-09
864,0,7.0982992816936985e-09
864,1,8.267288187369104e-09
865,0,8.491623404438542e-09
865,1,7.841810756303857e-09
866,0,6.506083227719728e-09
866,1,7.2956076735408715e-09
867,0,7.218379227680316e-09
867,1,6.828222431920494e-09
868,0,6.099332150455439e-09
868,1,7.408974322942186e-09
869,0,6.453694911812136e-09
869,1,7.096864429456673e-09
870,0,6.378675809770584e-09
870,1,6.3195479960143075e-09
871,0,6.168022981256627e-09
871,1,8.27452506513282e-09
872,0,6.0361275977527384e-09
872,1,6.249162520788332e-09
873,0,6.092119253509054e-09
873,1,7.195112949887061e-09
874,0,7.176726324331639e-09
874,1,8.377879723298065e-09
875,0,8.2009545820938e-09
875,1,7.496612219881627e-09
876,0,6.895725768174543e-09
876,1,6.999235413474025e-09
877,0,6.7715291152126156e-09
877,1,8.342552426654493e-09
878,0,6.107070404937076e-09
878,1,8.408037821538983e-09
879,0,6.504688343511589e-09
879,1,7.288159409313266e-09
880,0,7.224287834617371e-09
880,1,6.917236117232051e-09
881,0,7.708364613279173e-09
881,1,7.381258271266233e-09
882,0,7.204368657198756e-09
882,1,6.576819533421485e-09
883,0,7.201535368039913e-09
883,1,6.224475601612767e-09
884,0,6.489509374318914e-09
884,1,7.643471633400623e-09
885,0,7.049677286374845e-09
885,1,7.086483844176428e-09
886,0,5.843349804024456e-09
886,1,7.534934454156428e-09
887,0,7.769272336588529e-09
887,1,8.102645665530872e-09
888,0,5.8936899804962195e-09
888,1,6.873477342850265e-09
889,0,6.044986733400037e-09
889,1,8.404705376108268e-09
890,0,8.14414935490504e-09
890,1,7.537290791503892e-09
891,0,6.912965311300923e-09
891,1,7.0899721649198e-09
892,0,5.827192062213271e-09
892,1,7.295781312421923e-09
893,0,6.442186784028081e-09
893,1,7.172532789923025e-09
894,0,6.450675549274365e-09
894,1,6.640885175102085e-09
895,0,6.457762768974362e-09
895,1,6.830355836484614e-09
896,0,7.349111985632817e-09
896,1,7.4207244793456084e-09
897,0,6.8679786302539014e-09
897,1,7.457807704724928e-09
898,0,5.841554351349032e-09
898,1,7.013139402545221e-09
899,0,5.848379558415218e-09
899,1,6.679605313308912e-09
900,0,7.377752631043677e-09
900,1,6.382008699290509e-09
901,0,6.280124420499078e-09
901,1,6.004073682674971e-09
902,0,7.255452683097019e-09
902,1,7.670112545099528e-09
903,0,7.106216948216115e-09
903,1,6.488858783626483e-09
904,0,6.266904772900261e-09
904,1,7.569059157219726e-09
905,0,5.573873362862969e-09
905,1,7.296039328252846e-09
906,0,7.813730995565038e-09
906,1,8.207516444258545e-09
907,0,6.293004783941569e-09
907,1,6.52088694153008e-09
908,0,7.818068858966853e-09
908,1,8.484886571125116e-09
909,0,7.173412974736948e-09
909,1,7.360281273349756e-09
910,0,7.266016233131722e-09
910,1,7.239020494154147e-09
911,0,6.328495949503576e-09
911,1,6.5000773652457156e-09
912,0,6.093309412591452e-09
912,1,7.386161904321398e-09
913,0,6.328745527639512e-09
913,1,7.697338766377015e-09
914,0,7.1459194117551306e-09
914,1,7.972998261607245e-09
915,0,5.586194617990259e-09
915,1,6.662829843406826e-09
916,0,6.5839449447935294e-09
916,1,7.4355983592511166e-09
917,0,6.563035004347739e-09
917,1,7.0074954727772365e-09
918,0,5.774284606019364e-09
918,1,7.243502686549164e-09
919,0,6.212718339781986e-09
919,1,6.980097388975537e-09
920,0,7.022299630676798e-09
920,1,7.956645120543726e-09
921,0,7.2854011712308875e-09
921,1,7.799808798836239e-09
922,0,7.0924879302936006e-09
922,1,7.202127783045853e-09
923,0,7.583825123447241e-09
923,1,7.075304786496872e-09
924,0,7.309574723279866e-09
924,1,7.825102343872459e-09
925,0,7.319771455627233e-09
925,1,6.846521127812366e-09
926,0,5.898532329240425e-09
926,1,6.943928099190089e-09
927,0,6.985505063283881e-09
927,1,7.02143587716364e-09
928,0,7.449849181995205e-09
928,1,7.844803029399827e-09
929,0,6.289558651673133e-09
929,1,7.26350624091765e-09
930,0,5.990962836932567e-09
930,1,6.290830523170143e-09
931,0,7.112814337517648e-09
931,1,6.940556573908907e-09
932,0,6.567659749379118e-09
932,1,6.657713047530933e-09
933,0,7.455720485438633e-09
933,1,7.494370457550303e-09
934,0,5.7965716671048995e-09
934,1,7.00671520803553e-09
935,0,7.056329742738399e-09
935,1,7.637899201995424e-09
936,0,6.007814690178748e-09
936,1,7.916724165113465e-09
937,0,6.836385679775958e-09
937,1,6.851891498627083e-09
938,0,7.293147419318302e-09
938,1,7.533583534780064e-09
939,0,7.3107542242212276e-09
939,1,7.09118630481953e-09
940,0,6.408219732634279e-09
940,1,7.90408982709323e-09
941,0,7.22387571983063e-09
941,1,7.613316199694964e-09
942,0,6.432916865861671e-09
942,1,6.929757656592983e-09
943,0,5.615560016991594e-09
943,1,7.6805619642073e-09
944,0,7.535931878521751e-09
944,1,7.97096877391823e-09
945,0,7.109095978563573e-09
945,1,7.638483623395587e-09
946,0,7.253461387080051e-09
946,1,7.604715968057008e-09
947,0,6.512725025942245e-09
947,1,7.396962153904951e-09
948,0,7.728434781029137e-09
948,1,7.763561349349857e-09
949,0,7.007124214197802e-09
949,1,7.653058631262866e-09
950,0,7.875553542646685e-09
950,1,7.723147454896662e-09
951,0,7.25764159881237e-09
951,1,7.394333589871849e-09
952,0,7.60082841111398e-09
952,1,7.805442514552396e-09
953,0,6.712209010828474e-09
953,1,7.54668594282748e-09
954,0,5.4569353480360405e-09
954,1,7.220900766213845e-09
955,0,7.77139863572529e-09
955,1,7.155907422173868e-09
956,0,6.822439502229827e-09
956,1,6.907775684794615e-09
957,0,8.19189160949918e-09
957,1,7.246572675256857e-09
958,0,6.563372956236435e-09
958,1,8.052790434476265e-09
959,0,7.33760963100849e-09
959,1,7.092918252737945e-09
960,0,7.734116458379958e-09
960,1,7.087837428088051e-09
961,0,7.129581369724747e-09
961,1,7.616161035173263e-09
962,0,6.3537157757309615e-09
962,1,7.453749617525318e-09
963,0,7.541411051192881e-09
963,1,8.243729254786558e-09
964,0,7.595204465360439e-09
964,1,7.640467813985197e-09
965,0,6.448952039050937e-09
965,1,6.760521031878852e-09
966,0,6.456364332052544e-09
966,1,6.833720700427648e-09
967,0,6.602634883279279e-09
967,1,6.887546977196735e-09
968,0,7.353815778543549e-09
968,1,6.643087857582941e-09
969,0,6.467215207806021e-09
969,1,6.8341288184115e-09
970,0,6.8728800428630166e-09
970,1,7.121577549895619e-09
971,0,7.701276061311546e-09
971,1,7.660080569849015e-09
972,0,8.373015170093367e-09
972,1,6.50003340041394e-09
973,0,6.118860973458595e-09
973,1,7.516850253352914e-09
974,0,6.94167345827168e-09
974,1,9.026554614877114e-09
975,0,5.334889419117417e-09
975,1,6.239795791174174e-09
976,0,7.0670105323245025e-09
976,1,6.498500404461538e-09
977,0,6.7735106412669666e-09
977,1,7.518948130780245e-09
978,0,6.883791314749033e-09
978,1,6.788848150307558e-09
979,0,6.778503092164101e-09
979,1,7.717183336808375e-09
980,0,5.785658174772834e-09
980,1,7.469449947450357e-09
981,0,6.608900093851844e-09
981,1,7.935447854379163e-09
982,0,5.960434368290635e-09
982,1,7.421601999624272e-09
983,0,6.518365847085761e-09
983,1,7.309970850855052e-09
984,0,5.774379197021062e-09
984,1,6.7251617608121705e-09
985,0,7.511048671915432e-09
985,1,7.3644583764576055e-09
986,0,6.457733459086512e-09
986,1,8.133559603606955e-09
987,0,5.777312406252122e-09
987,1,6.847833855516683e-09
988,0,7.485125408379645e-09
988,1,6.5115632885692776e-09
989,0,7.78108422139212e-09
989,1,7.581000716072595e-09
990,0,7.133081236787575e-09
990,1,7.482447550444249e-09
991,0,6.56415943822708e-09
991,1,7.331824036782564e-09
992,0,6.261723139999731e-09
992,1,6.522408391163026e-09
993,0,7.06432246033728e-09
993,1,7.760773357290418e-09
994,0,7.738024443426639e-09
994,1,7.431467885510301e-09
995,0,6.383209072424734e-09
995,1,7.08564673601586e-09
996,0,6.428899190780157e-09
996,1,7.89464227324288e-09
997,0,6.243071393186028e-09
997,1,6.7654872815126055e-09
998,0,6.665671126171446e-09
998,1,7.120467326870994e-09
999,0,6.712108202577838e-09
999,1,7.95207188986069e-09
