epoch,loss,recon,vq,c_l0,c_l1,c_l2,theta_l0,theta_l1,theta_l2
0,0.0008570814607082866,0.00019279176776763052,0.0006642897038545925,1.25,1.25,1.25,0.0,0.0,0.0
1,0.0002560927030572202,0.00015230540157062933,0.00010378730221418663,1.25,1.25,1.25,0.0,0.0,0.0
2,0.0002033460565144196,0.00015089904409251175,5.244701205810998e-05,1.25,1.25,1.25,0.0,0.0,0.0
3,0.00018105736962752416,0.00015066440391819924,3.0392965800274397e-05,1.25,1.25,1.25,0.0,0.0,0.0
4,0.0001688544944045134,0.00015067322165123186,1.818127216210996e-05,1.25,1.25,1.25,0.0,0.0,0.0
5,0.00016875642468221485,0.00015058451681397854,1.8171907413488952e-05,1.25,1.25,1.25,0.0,0.0,0.0
6,0.0001641628536162898,0.00015074598995852285,1.3416864021564834e-05,1.25,1.25,1.25,0.0,0.0,0.0
7,0.00016342517483280972,0.00015063255050336012,1.279262505704537e-05,1.25,1.25,1.25,0.0,0.0,0.0
8,0.00015784882780280895,0.00015056652991916054,7.282295769073244e-06,1.25,1.25,1.25,0.0,0.0,0.0
9,0.00015797938249306753,0.0001504689673311077,7.510416230616101e-06,1.25,1.25,1.25,0.0,0.0,0.0
10,0.000155490492034005,0.0001505397172877565,4.9507757466926705e-06,1.25,1.25,1.25,0.0,0.0,0.0
11,0.0001562718316563405,0.00015060630248626695,5.665529681664339e-06,1.25,1.25,1.25,0.0,0.0,0.0
12,0.00015586426088702864,0.0001502192702901084,5.644991324516013e-06,1.25,1.25,1.25,0.0,0.0,0.0
13,0.00015501333691645414,0.0001502395563875325,4.773779528477462e-06,1.25,1.25,1.25,0.0,0.0,0.0
14,0.00015339234087150544,0.0001491365459514782,4.2557955794109145e-06,1.25,1.25,1.25,0.0,0.0,0.0
15,0.0001508838242443744,0.00014672725446871482,4.156570275881677e-06,1.25,1.25,1.25,0.0,0.0,0.0
16,0.00014744311338290572,0.00014273432971094734,4.70878405849362e-06,1.25,1.25,1.25,0.0,0.0,0.0
17,0.00014482390688499435,0.00014045389543753116,4.370010503862431e-06,1.25,1.25,1.25,0.0,0.0,0.0
18,0.00014325580195873044,0.00013996948910062202,3.2863129376892176e-06,1.25,1.25,1.25,0.0,0.0,0.0
19,0.00014295011933427305,0.00013946184262749738,3.488275910967786e-06,1.25,1.25,1.25,0.0,0.0,0.0
20,0.00014256623762776144,0.00013913774091633968,3.4284991215827176e-06,1.25,1.25,1.25,0.0,0.0,0.0
21,0.00014160290811560117,0.00013867250017938205,2.9304080726433313e-06,1.25,1.25,1.25,0.0,0.0,0.0
22,0.00014044487397768535,0.0001381475136440713,2.297361049841129e-06,1.25,1.25,1.25,0.0,0.0,0.0
23,0.0001400431319780182,0.00013794189362670295,2.101239590501791e-06,1.25,1.25,1.25,0.0,0.0,0.0
24,0.0001396983592712786,0.00013772309685009532,1.975261619691082e-06,1.25,1.25,1.25,0.0,0.0,0.0
25,0.0001397251253365539,0.0001376394669932779,2.0856596222529334e-06,1.25,1.25,1.25,0.0,0.0,0.0
26,0.00013930216737207958,0.00013743966992478817,1.8624987092152879e-06,1.25,1.25,1.25,0.0,0.0,0.0
27,0.0001390218203596305,0.00013738066554651595,1.6411558192430675e-06,1.25,1.25,1.25,0.0,0.0,0.0
28,0.00013895906886318699,0.00013732893130509184,1.6301385301176197e-06,1.25,1.25,1.25,0.0,0.0,0.0
29,0.00013883634674130007,0.00013716069151996634,1.6756555055508215e-06,1.25,1.25,1.25,0.0,0.0,0.0
30,0.00013874897194909863,0.00013708251353818923,1.666457677629296e-06,1.25,1.25,1.25,0.0,0.0,0.0
31,0.0001391286750731524,0.00013701204807148315,2.1166272517803008e-06,1.25,1.25,1.25,0.0,0.0,0.0
32,0.0001396213127009105,0.0001369875972159207,2.6337149620303536e-06,1.25,1.25,1.25,0.0,0.0,0.0
33,0.00014011230305186473,0.00013682482604053802,3.287475897195691e-06,1.25,1.25,1.25,0.0,0.0,0.0
34,0.0001405586866894737,0.00013661656412295998,3.942122145872418e-06,1.25,1.25,1.25,0.0,0.0,0.0
35,0.00014255216665333138,0.0001364019735774491,6.15019391716487e-06,1.25,1.25,1.25,0.0,0.0,0.0
36,0.00014261653923313132,0.00013622396290884352,6.392575369318365e-06,1.25,1.25,1.25,0.0,0.0,0.0
37,0.0001439686784578953,0.00013628785891341976,7.680821204303356e-06,1.25,1.25,1.25,0.0,0.0,0.0
38,0.0001501375991210807,0.00013649231113959103,1.3645288163388614e-05,1.25,1.25,1.25,0.0,0.0,0.0
39,0.0001562926423503086,0.00013613569171866402,2.015695049522037e-05,1.25,1.25,1.25,0.0,0.0,0.0
40,0.00015963175537763162,0.00013618940647575073,2.344234922020405e-05,1.25,1.25,1.25,0.0,0.0,0.0
41,0.00018090262601617725,0.0001361175862257369,4.478503888094565e-05,1.25,1.25,1.25,0.0,0.0,0.0
42,0.00020449394869501703,0.00013628622546093538,6.820772450737423e-05,1.25,1.25,1.25,0.0,0.0,0.0
43,0.0002023944500251673,0.00013628498782054522,6.610946184082422e-05,1.25,1.25,1.25,0.0,0.0,0.0
44,0.00020140618362347596,0.000136017742624972,6.538844090755446e-05,1.25,1.25,1.25,0.0,0.0,0.0
45,0.00018321408788324334,0.00013596707649412564,4.7247010843420864e-05,1.25,1.25,1.25,0.0,0.0,0.0
46,0.00019170843370375223,0.00013596090284409,5.574753067776328e-05,1.25,1.25,1.25,0.0,0.0,0.0
47,0.00017274448036914692,0.0001357585395453498,3.6985939459555084e-05,1.25,1.25,1.25,0.0,0.0,0.0
48,0.0001649685284064617,0.00013557007114286534,2.9398455626505893e-05,1.25,1.25,1.25,0.0,0.0,0.0
49,0.00015318630830734036,0.00013518216655938886,1.800414256649674e-05,1.25,1.25,1.25,0.0,0.0,0.0
50,0.00015027344634290784,0.0001348749894532375,1.53984574808419e-05,1.25,1.25,1.25,0.0,0.0,0.0
51,0.0001434463425539434,0.0001347898032690864,8.656539876028546e-06,1.25,1.25,1.25,0.0,0.0,0.0
52,0.000142632002098253,0.00013468789402395486,7.94410982507543e-06,1.25,1.25,1.25,0.0,0.0,0.0
53,0.00014161778599373065,0.00013451999839162455,7.097787465681904e-06,1.25,1.25,1.25,0.0,0.0,0.0
54,0.00013965231482870877,0.00013440267066471278,5.24964223131974e-06,1.25,1.25,1.25,0.0,0.0,0.0
55,0.00013798074069200085,0.00013436392619041725,3.616815001805662e-06,1.25,1.25,1.25,0.0,0.0,0.0
56,0.00013721265204367228,0.00013401361138676293,3.1990407592275007e-06,1.25,1.25,1.25,0.0,0.0,0.0
57,0.0001377379994664807,0.00013408454760792664,3.6534516539177277e-06,1.25,1.25,1.25,0.0,0.0,0.0
58,0.00013723443407798186,0.00013385141646722333,3.3830166444204226e-06,1.25,1.25,1.25,0.0,0.0,0.0
59,0.0001398744345351588,0.00013375319977058098,6.121235162481753e-06,1.25,1.25,1.25,0.0,0.0,0.0
60,0.0001391342120768968,0.00013372390385484322,5.41030782414964e-06,1.25,1.25,1.25,0.0,0.0,0.0
61,0.0001387663396599237,0.00013349894143175334,5.267398591968231e-06,1.25,1.25,1.25,0.0,0.0,0.0
62,0.0001387287898978684,0.00013317569610080682,5.553094024435268e-06,1.25,1.25,1.25,0.0,0.0,0.0
63,0.0001387074022204615,0.0001330500963376835,5.657306883222191e-06,1.25,1.25,1.25,0.0,0.0,0.0
64,0.0001368905977869872,0.00013303709856700153,3.853499310935149e-06,1.25,1.25,1.25,0.0,0.0,0.0
65,0.0001375379419187084,0.00013317392877070232,4.3640141711875914e-06,1.25,1.25,1.25,0.0,0.0,0.0
66,0.00013820593230775557,0.00013291424693306908,5.2916859772267346e-06,1.25,1.25,1.25,0.0,0.0,0.0
67,0.00013877523742849006,0.00013262656575534492,6.148671786831983e-06,1.25,1.25,1.25,0.0,0.0,0.0
68,0.00013882067796657793,0.00013242107670521363,6.3996002495514405e-06,1.25,1.25,1.25,0.0,0.0,0.0
69,0.0001379592446028255,0.00013226155206211843,5.697692404282861e-06,1.25,1.25,1.25,0.0,0.0,0.0
70,0.00013879968173569068,0.0001319917108048685,6.807971180933236e-06,1.25,1.25,1.25,0.0,0.0,0.0
71,0.0001380410227284301,0.00013205883878981696,5.982181937724817e-06,1.25,1.25,1.25,0.0,0.0,0.0
72,0.0001411813369486481,0.00013194606581237167,9.2352705223675e-06,1.25,1.25,1.25,0.0,0.0,0.0
73,0.00014045205170987174,0.00013145451011951082,8.997540203381504e-06,1.25,1.25,1.25,0.0,0.0,0.0
74,0.0001423800058546476,0.00013172031540307217,1.0659690042302828e-05,1.25,1.25,1.25,0.0,0.0,0.0
75,0.00014332002101582474,0.00013141637973603792,1.1903640915988944e-05,1.25,1.25,1.25,0.0,0.0,0.0
76,0.00014407863054657354,0.0001310255735006649,1.305305681853497e-05,1.25,1.25,1.25,0.0,0.0,0.0
77,0.00015045329346321523,0.000131423951825127,1.902933900055359e-05,1.25,1.25,1.25,0.0,0.0,0.0
78,0.00014832297601969914,0.0001307921724219341,1.753080437083554e-05,1.25,1.25,1.25,0.0,0.0,0.0
79,0.00014406158079509622,0.0001303266210015863,1.3734960248257266e-05,1.25,1.25,1.25,0.0,0.0,0.0
80,0.00014274117274908348,0.00013042680657235906,1.2314365903876023e-05,1.25,1.25,1.25,0.0,0.0,0.0
81,0.00014559538394678384,0.0001303979952353984,1.5197387392618112e-05,1.25,1.25,1.25,0.0,0.0,0.0
82,0.0001439211904653348,0.00013025823282077908,1.366295687148522e-05,1.25,1.25,1.25,0.0,0.0,0.0
83,0.00014291613260866142,0.00013024860672885552,1.2667525334109087e-05,1.25,1.25,1.25,0.0,0.0,0.0
84,0.00014238607327570206,0.00013022115163039417,1.2164920235591126e-05,1.25,1.25,1.25,0.0,0.0,0.0
85,0.0001430654781870544,0.00013036981763434597,1.2695660961981048e-05,1.25,1.25,1.25,0.0,0.0,0.0
86,0.000146925360604655,0.00013014838477829472,1.677697550803714e-05,1.25,1.25,1.25,0.0,0.0,0.0
87,0.00015805731236469002,0.00012998901147511787,2.8068301071471068e-05,1.25,1.25,1.25,0.0,0.0,0.0
88,0.0001593506953213364,0.00013029113979428074,2.9059554526611465e-05,1.25,1.25,1.25,0.0,0.0,0.0
89,0.0001568526990013197,0.00013033805007580667,2.651464919836144e-05,1.25,1.25,1.25,0.0,0.0,0.0
90,0.00015343422928708604,0.00012984093409613707,2.3593294827151112e-05,1.25,1.25,1.25,0.0,0.0,0.0
91,0.00015347754815593363,0.00012985802168259398,2.3619526837137526e-05,1.25,1.25,1.25,0.0,0.0,0.0
92,0.00015673965463065543,0.000129768605256686,2.697104878279788e-05,1.25,1.25,1.25,0.0,0.0,0.0
93,0.00014667538562207483,0.00012970785683137366,1.6967529654721146e-05,1.25,1.25,1.25,0.0,0.0,0.0
94,0.00014965914233471266,0.00013014485375606455,1.951428967004176e-05,1.25,1.25,1.25,0.0,0.0,0.0
95,0.00015483558236155658,0.0001297704511671327,2.5065132194868057e-05,1.25,1.25,1.25,0.0,0.0,0.0
96,0.00015537294748355635,0.00012998539459658788,2.5387551522726427e-05,1.25,1.25,1.25,0.0,0.0,0.0
97,0.00014927562733646482,0.00012948917283210902,1.9786454413406317e-05,1.25,1.25,1.25,0.0,0.0,0.0
98,0.00015833865691092797,0.00012939298030687497,2.8945676876901417e-05,1.25,1.25,1.25,0.0,0.0,0.0
99,0.00014626953052356839,0.00012922136884299106,1.7048163954314077e-05,1.25,1.25,1.25,0.0,0.0,0.0
100,0.0001422980785719119,0.0001291372551349923,1.3160823277758027e-05,1.25,1.25,1.25,0.0,0.0,0.0
101,0.0001395661980495788,0.0001288949693844188,1.067122732365533e-05,1.25,1.25,1.25,0.0,0.0,0.0
102,0.00014534635774907657,0.00012876774489996025,1.6578613531237353e-05,1.25,1.25,1.25,0.0,0.0,0.0
103,0.00014056211366550997,0.00012888659257441758,1.167552236438496e-05,1.25,1.25,1.25,0.0,0.0,0.0
104,0.0001390019016980659,0.00012870530918007717,1.0296593950442912e-05,1.25,1.25,1.25,0.0,0.0,0.0
105,0.0001375820953398943,0.00012881438524345868,8.767711142354528e-06,1.25,1.25,1.25,0.0,0.0,0.0
106,0.00013870303009753116,0.00012872475126641804,9.978280195355182e-06,1.25,1.25,1.25,0.0,0.0,0.0
107,0.00013986219200887718,0.00012840465860790572,1.1457535583758726e-05,1.25,1.25,1.25,0.0,0.0,0.0
108,0.00013961601071059703,0.00012858891350333578,1.1027096820726002e-05,1.25,1.25,1.25,0.0,0.0,0.0
109,0.00014225377672119066,0.00012846816243836657,1.3785615465167211e-05,1.25,1.25,1.25,0.0,0.0,0.0
110,0.0001377529690216761,0.00012843534641433508,9.317623243987327e-06,1.25,1.25,1.25,0.0,0.0,0.0
111,0.00013725180542678572,0.0001282777935557533,8.974010961537715e-06,1.25,1.25,1.25,0.0,0.0,0.0
112,0.00013639648095704616,0.00012846244644606485,7.934034942991276e-06,1.25,1.25,1.25,0.0,0.0,0.0
113,0.00013469276600517333,0.0001281349719647551,6.557793540196144e-06,1.25,1.25,1.25,0.0,0.0,0.0
114,0.00013551171432482078,0.00012820562988054008,7.306083784897055e-06,1.25,1.25,1.25,0.0,0.0,0.0
115,0.00013507097610272468,0.00012856766406912356,6.503311510641652e-06,1.25,1.25,1.25,0.0,0.0,0.0
116,0.00013678560571861453,0.00012834032386308536,8.445281696367602e-06,1.25,1.25,1.25,0.0,0.0,0.0
117,0.0001406817013048567,0.0001288274143007584,1.1854286663037783e-05,1.25,1.25,1.25,0.0,0.0,0.0
118,0.00013872800045646727,0.00012831788990297355,1.0410109871372697e-05,1.25,1.25,1.25,0.0,0.0,0.0
119,0.0001332384315901436,0.00012791748376912438,5.320949162523902e-06,1.25,1.25,1.25,0.0,0.0,0.0
120,0.0001330180231889244,0.0001282065910345409,4.811432836504536e-06,1.25,1.25,1.25,0.0,0.0,0.0
121,0.0001346573670161888,0.0001280359869269887,6.621381453442155e-06,1.25,1.25,1.25,0.0,0.0,0.0
122,0.00013542883098125458,0.0001282435521716252,7.185279446275672e-06,1.25,1.25,1.25,0.0,0.0,0.0
123,0.00013636081930599176,0.00012826905003748834,8.091767676887685e-06,1.25,1.25,1.25,0.0,0.0,0.0
124,0.00014417563579627313,0.00012852824802394024,1.5647387112949217e-05,1.25,1.25,1.25,0.0,0.0,0.0
125,0.00015233981976052745,0.00012872566658188588,2.3614153133166837e-05,1.25,1.25,1.25,0.0,0.0,0.0
126,0.00015950809902278706,0.0001286384416744113,3.0869656620780005e-05,1.25,1.25,1.25,0.0,0.0,0.0
127,0.00016821744357002898,0.0001291506545385346,3.906678948624176e-05,1.25,1.25,1.25,0.0,0.0,0.0
128,0.00017305576839135028,0.00012927531060995533,4.378045696284971e-05,1.25,1.25,1.25,0.0,0.0,0.0
129,0.00022702793503412977,0.00012987346708541735,9.715446994960076e-05,1.25,1.25,1.25,0.0,0.0,0.0
130,0.00026672217500163243,0.00013074274174869062,0.00013597943470813333,1.25,1.25,1.25,0.0,0.0,0.0
131,0.00027071798322140237,0.00013013257848797365,0.00014058540400583298,1.25,1.25,1.25,0.0,0.0,0.0
132,0.00025999659701483326,0.00012929632284794935,0.00013070027525827755,1.25,1.25,1.25,0.0,0.0,0.0
133,0.00021227806064416654,0.00012855838576797396,8.371967651328305e-05,1.25,1.25,1.25,0.0,0.0,0.0
134,0.000178919943573419,0.0001281543642107863,5.0765577816491715e-05,1.25,1.25,1.25,0.0,0.0,0.0
135,0.00016707937975297683,0.00012813950597774238,3.893987159244716e-05,1.25,1.25,1.25,0.0,0.0,0.0
136,0.0001502598861407023,0.00012776461517205462,2.2495272173728153e-05,1.25,1.25,1.25,0.0,0.0,0.0
137,0.00014572121435776352,0.00012778531381627545,1.7935900768861756e-05,1.25,1.25,1.25,0.0,0.0,0.0
138,0.00015421098069055006,0.00012761777907144278,2.6593201528157807e-05,1.25,1.25,1.25,0.0,0.0,0.0
139,0.00015134378263610416,0.00012786604493157937,2.347773797737318e-05,1.25,1.25,1.25,0.0,0.0,0.0
140,0.00013406614598352463,0.00012749495872412808,6.57118858953254e-06,1.25,1.25,1.25,0.0,0.0,0.0
141,0.0001308787141169887,0.00012719423393718897,3.6844800888502506e-06,1.25,1.25,1.25,0.0,0.0,0.0
142,0.00013062349971733057,0.00012739770172629506,3.2257970701721208e-06,1.25,1.25,1.25,0.0,0.0,0.0
143,0.00013067993859294802,0.0001272006134968251,3.479324016097962e-06,1.25,1.25,1.25,0.0,0.0,0.0
144,0.00013090568681946025,0.00012725668057100847,3.6490059869720428e-06,1.25,1.25,1.25,0.0,0.0,0.0
145,0.00013097353003104216,0.00012683878085226752,4.1347504634359215e-06,1.25,1.25,1.25,0.0,0.0,0.0
146,0.00013284698507050053,0.0001271124230697751,5.734562353154615e-06,1.25,1.25,1.25,0.0,0.0,0.0
147,0.00013427499216049909,0.00012712281532003544,7.152177204261534e-06,1.25,1.25,1.25,0.0,0.0,0.0
148,0.0001407599302183371,0.00012728775254799984,1.3472177897710935e-05,1.25,1.25,1.25,0.0,0.0,0.0
149,0.00014070208053453825,0.00012757590302499012,1.3126179328537547e-05,1.25,1.25,1.25,0.0,0.0,0.0
150,0.00013502203801181168,0.00012705195040325635,7.970089404807367e-06,1.25,1.25,1.25,0.0,0.0,0.0
151,0.00013313026647665538,0.00012702981475740672,6.10045299254125e-06,1.25,1.25,1.25,0.0,0.0,0.0
152,0.0001340100512607023,0.00012718393409159035,6.826116486990941e-06,1.25,1.25,1.25,0.0,0.0,0.0
153,0.00013348252396099268,0.00012701656014542096,6.465964520430134e-06,1.25,1.25,1.25,0.0,0.0,0.0
154,0.00013175621279515326,0.0001268311229068786,4.92508868319419e-06,1.25,1.25,1.25,0.0,0.0,0.0
155,0.00013066140745650047,0.00012682979795499704,3.831608671589492e-06,1.25,1.25,1.25,0.0,0.0,0.0
156,0.0001304917095694691,0.0001268658488697838,3.625860210831888e-06,1.25,1.25,1.25,0.0,0.0,0.0
157,0.00013198508604546079,0.0001273928108275868,4.592275990944472e-06,1.25,1.25,1.25,0.0,0.0,0.0
158,0.00013392843102337791,0.00012675818506977521,7.17024545338063e-06,1.25,1.25,1.25,0.0,0.0,0.0
159,0.00013604807973024435,0.0001268953645194415,9.152715460913895e-06,1.25,1.25,1.25,0.0,0.0,0.0
160,0.00013493036312866024,0.00012689315844909287,8.037206544031506e-06,1.25,1.25,1.25,0.0,0.0,0.0
161,0.00013310520953382365,0.00012678181956289337,6.323389243334532e-06,1.25,1.25,1.25,0.0,0.0,0.0
162,0.00013247986280475743,0.00012661149012274108,5.868373705197882e-06,1.25,1.25,1.25,0.0,0.0,0.0
163,0.00013093239685986192,0.00012651297001866623,4.4194266365593645e-06,1.25,1.25,1.25,0.0,0.0,0.0
164,0.00013077606927254238,0.0001263399979507085,4.4360722654346315e-06,1.25,1.25,1.25,0.0,0.0,0.0
165,0.00013166042772354557,0.0001268484236788936,4.812003385268326e-06,1.25,1.25,1.25,0.0,0.0,0.0
166,0.0001331276675045956,0.0001269519969355315,6.175669568619924e-06,1.25,1.25,1.25,0.0,0.0,0.0
167,0.00013334585601114667,0.0001266516097530257,6.694248031635652e-06,1.25,1.25,1.25,0.0,0.0,0.0
168,0.00013328743298188784,0.00012674854879151097,6.5388828488721625e-06,1.25,1.25,1.25,0.0,0.0,0.0
169,0.00013281440551509148,0.0001265459373826161,6.2684697695658546e-06,1.25,1.25,1.25,0.0,0.0,0.0
170,0.00013348810098250395,0.00012671022122958674,6.7778795255435394e-06,1.25,1.25,1.25,0.0,0.0,0.0
171,0.0001339639988145791,0.00012630197379621678,7.662025245736004e-06,1.25,1.25,1.25,0.0,0.0,0.0
172,0.00013152180108590982,0.00012655278987949714,4.969010649347183e-06,1.25,1.25,1.25,0.0,0.0,0.0
173,0.0001307680031459313,0.00012630129858735018,4.46670542260108e-06,1.25,1.25,1.25,0.0,0.0,0.0
174,0.00013208961026975886,0.00012698618083959446,5.1034299076491155e-06,1.25,1.25,1.25,0.0,0.0,0.0
175,0.00013392839537118562,0.00012633146470761858,7.596929776809702e-06,1.25,1.25,1.25,0.0,0.0,0.0
176,0.0001384717230394017,0.0001267158084374387,1.1755914601963014e-05,1.25,1.25,1.25,0.0,0.0,0.0
177,0.0001353258587187156,0.00012657822662731633,8.747632818995044e-06,1.25,1.25,1.25,0.0,0.0,0.0
178,0.00013405794670688919,0.0001263813261175528,7.676619839003252e-06,1.25,1.25,1.25,0.0,0.0,0.0
179,0.00013495078892447054,0.0001263231497432571,8.62763959048607e-06,1.25,1.25,1.25,0.0,0.0,0.0
180,0.00013505349270417354,0.00012608549441210924,8.967998542175338e-06,1.25,1.25,1.25,0.0,0.0,0.0
181,0.0001341560135188047,0.00012647122057387605,7.684791853534989e-06,1.25,1.25,1.25,0.0,0.0,0.0
182,0.0001331310959358234,0.00012635774546652102,6.773351469746558e-06,1.25,1.25,1.25,0.0,0.0,0.0
183,0.00013307647532201372,0.00012580751936184243,7.268955414474476e-06,1.25,1.25,1.25,0.0,0.0,0.0
184,0.0001313700937316753,0.00012573821513797156,5.631878491385578e-06,1.25,1.25,1.25,0.0,0.0,0.0
185,0.00012951834360137583,0.00012588758181664161,3.630763455930719e-06,1.25,1.25,1.25,0.0,0.0,0.0
186,0.00013003763669985346,0.00012626741154235787,3.770226294363965e-06,1.25,1.25,1.25,0.0,0.0,0.0
187,0.0001338057219982147,0.00012683797831414267,6.967743115637859e-06,1.25,1.25,1.25,0.0,0.0,0.0
188,0.00013664033758686855,0.0001264533020730596,1.0187035286435275e-05,1.25,1.25,1.25,0.0,0.0,0.0
189,0.00014488196466118098,0.000126368154087686,1.8513810664444465e-05,1.25,1.25,1.25,0.0,0.0,0.0
190,0.0001553962458274327,0.00012648166084545666,2.8914586346218128e-05,1.25,1.25,1.25,0.0,0.0,0.0
191,0.00016474840813316405,0.0001275103073567152,3.7238100958347786e-05,1.25,1.25,1.25,0.0,0.0,0.0
192,0.00017270007156184876,0.00012745827807520983,4.52417944870831e-05,1.25,1.25,1.25,0.0,0.0,0.0
193,0.0001742989246849902,0.00012745032581733539,4.6848595502524404e-05,1.25,1.25,1.25,0.0,0.0,0.0
194,0.00016779969082563183,0.00012670207142946311,4.1097619305219266e-05,1.25,1.25,1.25,0.0,0.0,0.0
195,0.00015959700031089596,0.00012657750012294854,3.301950009699794e-05,1.25,1.25,1.25,0.0,0.0,0.0
196,0.00015826430681045167,0.0001265946717467159,3.1669632517150606e-05,1.25,1.25,1.25,0.0,0.0,0.0
197,0.00014780052733840421,0.00012635686216526664,2.144366517313756e-05,1.25,1.25,1.25,0.0,0.0,0.0
198,0.00014385772155947051,0.00012598871981026605,1.7869001430881327e-05,1.25,1.25,1.25,0.0,0.0,0.0
199,0.00013738205379922874,0.00012583832576638088,1.1543728624019422e-05,1.25,1.25,1.25,0.0,0.0,0.0
200,0.00013616131254821085,0.00012561501425807365,1.054629774444038e-05,1.25,1.25,1.25,0.0,0.0,0.0
201,0.0001337070789304562,0.00012541231844807044,8.29476052786049e-06,1.25,1.25,1.25,0.0,0.0,0.0
202,0.000132060180476401,0.0001253105030627921,6.749676435902074e-06,1.25,1.25,1.25,0.0,0.0,0.0
203,0.0001319295188295655,0.00012541081741801463,6.518701115965086e-06,1.25,1.25,1.25,0.0,0.0,0.0
204,0.00013173586630728097,0.00012524987978395074,6.485987069027033e-06,1.25,1.25,1.25,0.0,0.0,0.0
205,0.00013180038658902049,0.00012525591955636628,6.544467714775237e-06,1.25,1.25,1.25,0.0,0.0,0.0
206,0.0001343730153166689,0.00012515901180449874,9.21400569495745e-06,1.25,1.25,1.25,0.0,0.0,0.0
207,0.00013787866846541873,0.00012525384809123353,1.2624819873963133e-05,1.25,1.25,1.25,0.0,0.0,0.0
208,0.0001421933113306295,0.00012586080556502565,1.633250535633124e-05,1.25,1.25,1.25,0.0,0.0,0.0
209,0.00015106571954675018,0.0001258565804164391,2.520914003980579e-05,1.25,1.25,1.25,0.0,0.0,0.0
210,0.0001537034011562355,0.00012595756415976212,2.7745837633119665e-05,1.25,1.25,1.25,0.0,0.0,0.0
211,0.00016146331690833904,0.0001262694328033831,3.5193882740713886e-05,1.25,1.25,1.25,0.0,0.0,0.0
212,0.00017445213234168477,0.0001265569699171465,4.789516215168988e-05,1.25,1.25,1.25,0.0,0.0,0.0
213,0.0001708127572783269,0.0001266569539438933,4.4155802333989415e-05,1.25,1.25,1.25,0.0,0.0,0.0
214,0.00015374357390101067,0.0001255443879927043,2.8199186817801092e-05,1.25,1.25,1.25,0.0,0.0,0.0
215,0.00015171480481512845,0.00012541050600702874,2.6304298580726025e-05,1.25,1.25,1.25,0.0,0.0,0.0
216,0.00014615999243687837,0.0001250298144441331,2.1130177219674807e-05,1.25,1.25,1.25,0.0,0.0,0.0
217,0.00013578404250438325,0.00012484047292673494,1.0943570964627725e-05,1.25,1.25,1.25,0.0,0.0,0.0
218,0.00013288871705299243,0.00012481054800446146,8.078168639258365e-06,1.25,1.25,1.25,0.0,0.0,0.0
219,0.00013426063160295598,0.00012494537731981835,9.31525419218815e-06,1.25,1.25,1.25,0.0,0.0,0.0
220,0.00013031540729571133,0.00012468121785786935,5.634189403735945e-06,1.25,1.25,1.25,0.0,0.0,0.0
221,0.0001290375912503805,0.00012458550481824203,4.452086966466595e-06,1.25,1.25,1.25,0.0,0.0,0.0
222,0.00012876912733190694,0.00012457452758098952,4.1945992052205835e-06,1.25,1.25,1.25,0.0,0.0,0.0
223,0.00012853768348577432,0.00012463020684663206,3.907476605036209e-06,1.25,1.25,1.25,0.0,0.0,0.0
224,0.00013016190205235035,0.00012495409391704014,5.207807680562837e-06,1.25,1.25,1.25,0.0,0.0,0.0
225,0.00013033086434006692,0.000124988589232089,5.342274084796372e-06,1.25,1.25,1.25,0.0,0.0,0.0
226,0.00012888858691439964,0.0001245324547198834,4.356131478289172e-06,1.25,1.25,1.25,0.0,0.0,0.0
227,0.00013029646943323313,0.00012471720401663333,5.579265689448221e-06,1.25,1.25,1.25,0.0,0.0,0.0
228,0.00013303613668540492,0.00012505504200817087,7.981096541698206e-06,1.25,1.25,1.25,0.0,0.0,0.0
229,0.0001364552583254408,0.00012501955425250343,1.143570452768472e-05,1.25,1.25,1.25,0.0,0.0,0.0
230,0.0001352516541373916,0.00012477772324928082,1.0473932252352825e-05,1.25,1.25,1.25,0.0,0.0,0.0
231,0.00013394642519415356,0.00012478497337724547,9.161450225292356e-06,1.25,1.25,1.25,0.0,0.0,0.0
232,0.00013202764894231221,0.00012460601355996915,7.421636450999358e-06,1.25,1.25,1.25,0.0,0.0,0.0
233,0.0001292361819650978,0.00012437901750672609,4.857164879012999e-06,1.25,1.25,1.25,0.0,0.0,0.0
234,0.00012824585646740161,0.0001244840634171851,3.7617935959133318e-06,1.25,1.25,1.25,0.0,0.0,0.0
235,0.00012791976259904914,0.00012453451345209032,3.3852474757622985e-06,1.25,1.25,1.25,0.0,0.0,0.0
236,0.00012815593800041825,0.0001244326416781405,3.7232963904898496e-06,1.25,1.25,1.25,0.0,0.0,0.0
237,0.00012813715729862452,0.00012437000150384848,3.7671565678465415e-06,1.25,1.25,1.25,0.0,0.0,0.0
238,0.00012994606149732135,0.00012453579292923678,5.410269488947961e-06,1.25,1.25,1.25,0.0,0.0,0.0
239,0.00013380880045588128,0.00012436304605216718,9.44575283483573e-06,1.25,1.25,1.25,0.0,0.0,0.0
240,0.0001353980871499516,0.00012471218506107106,1.0685903134799446e-05,1.25,1.25,1.25,0.0,0.0,0.0
241,0.00013273587901494466,0.00012447295230231248,8.262925143753819e-06,1.25,1.25,1.25,0.0,0.0,0.0
242,0.00013028344328631648,0.00012436206125130412,5.92138255797181e-06,1.25,1.25,1.25,0.0,0.0,0.0
243,0.0001304781711951364,0.00012456725962692872,5.910910635975597e-06,1.25,1.25,1.25,0.0,0.0,0.0
244,0.00012978767408640125,0.00012422809231793508,5.5595818139408945e-06,1.25,1.25,1.25,0.0,0.0,0.0
245,0.00013050888228463008,0.0001246313000592636,5.877583134861197e-06,1.25,1.25,1.25,0.0,0.0,0.0
246,0.00013010925031267106,0.00012426148168742657,5.8477683296587205e-06,1.25,1.25,1.25,0.0,0.0,0.0
247,0.00013117763664922678,0.00012478872376959772,6.388913448063249e-06,1.25,1.25,1.25,0.0,0.0,0.0
248,0.00013101562435622328,0.00012443314044503496,6.582484388673038e-06,1.25,1.25,1.25,0.0,0.0,0.0
249,0.00013200352404965087,0.00012478212229325437,7.221403711810126e-06,1.25,1.25,1.25,0.0,0.0,0.0
250,0.0001327406665950548,0.00012433063457137906,8.410031227867876e-06,1.25,1.25,1.25,0.0,0.0,0.0
251,0.0001317381873377599,0.00012418082806107123,7.557361027465959e-06,1.25,1.25,1.25,0.0,0.0,0.0
252,0.00013065364328213036,0.00012422305590007455,6.430587063732673e-06,1.25,1.25,1.25,0.0,0.0,0.0
253,0.0001307800819631666,0.00012441155085980428,6.368531580847048e-06,1.25,1.25,1.25,0.0,0.0,0.0
254,0.0001308405597228557,0.0001243713359144749,6.4692243540775966e-06,1.25,1.25,1.25,0.0,0.0,0.0
255,0.00013122949021635578,0.0001247546388185583,6.4748510567369525e-06,1.25,1.25,1.25,0.0,0.0,0.0
256,0.00013081771103315987,0.00012430594942998142,6.511761989713705e-06,1.25,1.25,1.25,0.0,0.0,0.0
257,0.00013445567456074058,0.00012441580911399798,1.0039865401267889e-05,1.25,1.25,1.25,0.0,0.0,0.0
258,0.0001374272964312695,0.00012434031123120803,1.3086984972687788e-05,1.25,1.25,1.25,0.0,0.0,0.0
259,0.00014033689585630783,0.00012435396201908587,1.5982934974090314e-05,1.25,1.25,1.25,0.0,0.0,0.0
260,0.00013585216365754604,0.00012429523012542633,1.155693462351337e-05,1.25,1.25,1.25,0.0,0.0,0.0
261,0.00013118000060785562,0.00012389174407871905,7.288258461812802e-06,1.25,1.25,1.25,0.0,0.0,0.0
262,0.00012933612961205654,0.0001238759963598568,5.460133218093688e-06,1.25,1.25,1.25,0.0,0.0,0.0
263,0.00012930654556839727,0.00012395857338560746,5.347970613911457e-06,1.25,1.25,1.25,0.0,0.0,0.0
264,0.0001282499550143257,0.00012364710637484676,4.60284982182202e-06,1.25,1.25,1.25,0.0,0.0,0.0
265,0.0001283273108128924,0.00012381777014525142,4.509539928676532e-06,1.25,1.25,1.25,0.0,0.0,0.0
266,0.00012913902683067135,0.000124559710820904,4.579314770580823e-06,1.25,1.25,1.25,0.0,0.0,0.0
267,0.0001294885056267958,0.00012416053432389161,5.3279723260857285e-06,1.25,1.25,1.25,0.0,0.0,0.0
268,0.00013030046175117606,0.00012405234374455177,6.248118302210059e-06,1.25,1.25,1.25,0.0,0.0,0.0
269,0.00013221641711425036,0.0001244273498741677,7.789068490637874e-06,1.25,1.25,1.25,0.0,0.0,0.0
270,0.00013297499244799838,0.00012405419001879637,8.920803884393535e-06,1.25,1.25,1.25,0.0,0.0,0.0
271,0.00013221055560279636,0.0001240926532773301,8.11790218904207e-06,1.25,1.25,1.25,0.0,0.0,0.0
272,0.00013396963913692161,0.0001244308823515894,9.538757240079576e-06,1.25,1.25,1.25,0.0,0.0,0.0
273,0.00013115455440129153,0.00012375646547297948,7.398088200716302e-06,1.25,1.25,1.25,0.0,0.0,0.0
274,0.00013313283197931015,0.00012390920164762065,9.223629490406893e-06,1.25,1.25,1.25,0.0,0.0,0.0
275,0.00013205476643634028,0.00012411674579198005,7.938022645248565e-06,1.25,1.25,1.25,0.0,0.0,0.0
276,0.0001298334820603486,0.00012359822285361587,6.235260002540599e-06,1.25,1.25,1.25,0.0,0.0,0.0
277,0.0001287388295168057,0.00012349294920568354,5.245880197435327e-06,1.25,1.25,1.25,0.0,0.0,0.0
278,0.00012843505901400932,0.00012344954484433401,4.985514897271059e-06,1.25,1.25,1.25,0.0,0.0,0.0
279,0.00013107982304063625,0.0001242288708453998,6.850951695014373e-06,1.25,1.25,1.25,0.0,0.0,0.0
280,0.00013790862649329939,0.00012418078549671918,1.372784181512543e-05,1.25,1.25,1.25,0.0,0.0,0.0
281,0.00013476759850163944,0.00012371453885862138,1.105306121189642e-05,1.25,1.25,1.25,0.0,0.0,0.0
282,0.00013496798565029166,0.00012462641097954474,1.0341573965888528e-05,1.25,1.25,1.25,0.0,0.0,0.0
283,0.0001375646810629405,0.00012359535248833707,1.3969328574603423e-05,1.25,1.25,1.25,0.0,0.0,0.0
284,0.0001381253074214328,0.000123660390090663,1.446491605747724e-05,1.25,1.25,1.25,0.0,0.0,0.0
285,0.00013512235163943843,0.00012341513138380833,1.1707221483447939e-05,1.25,1.25,1.25,0.0,0.0,0.0
286,0.0001344855423667468,0.0001235139166965382,1.0971627125400118e-05,1.25,1.25,1.25,0.0,0.0,0.0
287,0.00013260423802421428,0.00012353043966868428,9.073797991732136e-06,1.25,1.25,1.25,0.0,0.0,0.0
288,0.00013173234547139145,0.00012325053248787298,8.481813392791081e-06,1.25,1.25,1.25,0.0,0.0,0.0
289,0.00012918678039568475,0.00012318336484895553,6.003414955557673e-06,1.25,1.25,1.25,0.0,0.0,0.0
290,0.00012964838097104803,0.00012308557925280183,6.562803559972963e-06,1.25,1.25,1.25,0.0,0.0,0.0
291,0.00013259799088700676,0.00012399820698192344,8.599783222962288e-06,1.25,1.25,1.25,0.0,0.0,0.0
292,0.00013768359276582486,0.0001236944954143837,1.3989096441946457e-05,1.25,1.25,1.25,0.0,0.0,0.0
293,0.00014035192070878112,0.00012334810307947918,1.7003818629746093e-05,1.25,1.25,1.25,0.0,0.0,0.0
294,0.00013709257618756964,0.00012351744953775778,1.3575126922660275e-05,1.25,1.25,1.25,0.0,0.0,0.0
295,0.0001339393827947788,0.00012314652267377823,1.0792860484798439e-05,1.25,1.25,1.25,0.0,0.0,0.0
296,0.00012854695232817904,0.00012305693780945148,5.490014632414386e-06,1.25,1.25,1.25,0.0,0.0,0.0
297,0.00012886268887086773,0.00012319490924710407,5.667780362728081e-06,1.25,1.25,1.25,0.0,0.0,0.0
298,0.0001295231886615511,0.00012337465705059003,6.148531974758953e-06,1.25,1.25,1.25,0.0,0.0,0.0
299,0.0001302971002587583,0.0001234239462064579,6.873153938613541e-06,1.25,1.25,1.25,0.0,0.0,0.0
300,0.00013049137123744003,0.00012329946584941354,7.191904660430737e-06,1.25,1.25,1.25,0.0,0.0,0.0
301,0.00013567305431934075,0.00012401180283632128,1.1661251210171032e-05,1.25,1.25,1.25,0.0,0.0,0.0
302,0.00013625972642330452,0.0001232308008184191,1.302892610510753e-05,1.25,1.25,1.25,0.0,0.0,0.0
303,0.0001407805124472361,0.00012344490642135497,1.7335607844870536e-05,1.25,1.25,1.25,0.0,0.0,0.0
304,0.00014691086471430026,0.0001233835704624653,2.3527293114966598e-05,1.25,1.25,1.25,0.0,0.0,0.0
305,0.000144854773679981,0.00012422487125149929,2.06299034289259e-05,1.25,1.25,1.25,0.0,0.0,0.0
306,0.0001493223688157741,0.00012409967566782144,2.522269332985161e-05,1.25,1.25,1.25,0.0,0.0,0.0
307,0.00014340884808916599,0.00012348257514531723,1.9926272580050862e-05,1.25,1.25,1.25,0.0,0.0,0.0
308,0.00014276799629442394,0.00012353169622656424,1.9236301523051224e-05,1.25,1.25,1.25,0.0,0.0,0.0
309,0.0001368380027997773,0.0001231075839314144,1.37304196414334e-05,1.25,1.25,1.25,0.0,0.0,0.0
310,0.000136133746127598,0.0001229183741088491,1.3215372564445716e-05,1.25,1.25,1.25,0.0,0.0,0.0
311,0.00013142357202013954,0.00012304777119425124,8.375799802706752e-06,1.25,1.25,1.25,0.0,0.0,0.0
312,0.00013036066375207155,0.00012310340462136083,7.257260926962772e-06,1.25,1.25,1.25,0.0,0.0,0.0
313,0.0001296838076086715,0.00012274902146600653,6.934786858892039e-06,1.25,1.25,1.25,0.0,0.0,0.0
314,0.0001290076645091176,0.00012295790620555635,6.0497587242025475e-06,1.25,1.25,1.25,0.0,0.0,0.0
315,0.0001286439277464524,0.0001227210585057037,5.922868763263978e-06,1.25,1.25,1.25,0.0,0.0,0.0
316,0.00012752647526212968,0.0001227114160428755,4.815059048723924e-06,1.25,1.25,1.25,0.0,0.0,0.0
317,0.00012840996350860223,0.00012259917857591063,5.8107849099542365e-06,1.25,1.25,1.25,0.0,0.0,0.0
318,0.00012925936534884385,0.0001226256452355301,6.633720931858988e-06,1.25,1.25,1.25,0.0,0.0,0.0
319,0.00012802090059267358,0.00012246359401615336,5.557307349590701e-06,1.25,1.25,1.25,0.0,0.0,0.0
320,0.00012737456345348618,0.0001227885459229583,4.5860193040425655e-06,1.25,1.25,1.25,0.0,0.0,0.0
321,0.00012695234545390122,0.00012272802450752351,4.224322515256062e-06,1.25,1.25,1.25,0.0,0.0,0.0
322,0.00012731900715152734,0.00012272189014765899,4.597117265348061e-06,1.25,1.25,1.25,0.0,0.0,0.0
323,0.00012590125188580715,0.00012234459318278824,3.5566595670388777e-06,1.25,1.25,1.25,0.0,0.0,0.0
324,0.00012601441485458054,0.0001226052929268917,3.4091223483301293e-06,1.25,1.25,1.25,0.0,0.0,0.0
325,0.0001255062634299975,0.00012235864960530307,3.1476146659770164e-06,1.25,1.25,1.25,0.0,0.0,0.0
326,0.00012659985732170752,0.0001230250174558023,3.5748394338952493e-06,1.25,1.25,1.25,0.0,0.0,0.0
327,0.0001283133948163595,0.0001233735107234679,4.939885900512308e-06,1.25,1.25,1.25,0.0,0.0,0.0
328,0.00013088551131659187,0.0001230226735060569,7.86283831075707e-06,1.25,1.25,1.25,0.0,0.0,0.0
329,0.00013643931961269118,0.0001232003174663987,1.323900387433241e-05,1.25,1.25,1.25,0.0,0.0,0.0
330,0.00013948799532954582,0.00012303449257160536,1.645350344006147e-05,1.25,1.25,1.25,0.0,0.0,0.0
331,0.00013928427142673172,0.0001233882245287532,1.5896046579655377e-05,1.25,1.25,1.25,0.0,0.0,0.0
332,0.0001396544546878431,0.00012291288076085038,1.6741573244871687e-05,1.25,1.25,1.25,0.0,0.0,0.0
333,0.00013240216358099133,0.00012247534687048756,9.926817392624799e-06,1.25,1.25,1.25,0.0,0.0,0.0
334,0.00013117837297613733,0.00012258576607564463,8.592606673119007e-06,1.25,1.25,1.25,0.0,0.0,0.0
335,0.0001300233583606314,0.0001222571499965852,7.766208705106692e-06,1.25,1.25,1.25,0.0,0.0,0.0
336,0.00012750775640597568,0.00012200191777083092,5.5058379757610965e-06,1.25,1.25,1.25,0.0,0.0,0.0
337,0.00012646958202822134,0.00012218830270285252,4.281279052520403e-06,1.25,1.25,1.25,0.0,0.0,0.0
338,0.00012701648083748295,0.0001226641317771282,4.352349708369729e-06,1.25,1.25,1.25,0.0,0.0,0.0
339,0.0001270124728762312,0.00012209188025735784,4.920593642054882e-06,1.25,1.25,1.25,0.0,0.0,0.0
340,0.0001280363430851139,0.00012225265818415209,5.783686083304928e-06,1.25,1.25,1.25,0.0,0.0,0.0
341,0.00012895880136056803,0.0001220857913722284,6.8730106704606445e-06,1.25,1.25,1.25,0.0,0.0,0.0
342,0.00012734144438582008,0.00012195613562653307,5.385308736549632e-06,1.25,1.25,1.25,0.0,0.0,0.0
343,0.00012662519729929046,0.00012204480663058348,4.580390179853566e-06,1.25,1.25,1.25,0.0,0.0,0.0
344,0.0001262272140593268,0.00012207959553052207,4.1476193814560245e-06,1.25,1.25,1.25,0.0,0.0,0.0
345,0.0001277421812119428,0.00012211865359859075,5.623529909826175e-06,1.25,1.25,1.25,0.0,0.0,0.0
346,0.00012932873578392902,0.00012257223716005683,6.756499624316348e-06,1.25,1.25,1.25,0.0,0.0,0.0
347,0.00013155639753676952,0.00012301561218919232,8.540785188415612e-06,1.25,1.25,1.25,0.0,0.0,0.0
348,0.00013613645496661774,0.00012257413545739836,1.3562321464632987e-05,1.25,1.25,1.25,0.0,0.0,0.0
349,0.00014301124756457284,0.00012301383467274717,1.9997413983219303e-05,1.25,1.25,1.25,0.0,0.0,0.0
350,0.00014771936257602648,0.00012281084127607755,2.4908521982069943e-05,1.25,1.25,1.25,0.0,0.0,0.0
351,0.0001343165713478811,0.0001221164518938167,1.2200119772387553e-05,1.25,1.25,1.25,0.0,0.0,0.0
352,0.0001334385531663429,0.00012208130974613595,1.135724398864113e-05,1.25,1.25,1.25,0.0,0.0,0.0
353,0.00012807786624762229,0.00012189759872853756,6.18026813299366e-06,1.25,1.25,1.25,0.0,0.0,0.0
354,0.00012748094886774197,0.00012202079087728635,5.460157899506157e-06,1.25,1.25,1.25,0.0,0.0,0.0
355,0.00012761191464960575,0.00012243014898558613,5.181765311590425e-06,1.25,1.25,1.25,0.0,0.0,0.0
356,0.00012901292138849384,0.0001223771116201533,6.635809518229507e-06,1.25,1.25,1.25,0.0,0.0,0.0
357,0.00013248874747660012,0.00012221533252159132,1.0273415205119818e-05,1.25,1.25,1.25,0.0,0.0,0.0
358,0.0001330080325715244,0.0001221244274347555,1.0883604545597336e-05,1.25,1.25,1.25,0.0,0.0,0.0
359,0.00013226630762801505,0.00012199341799714602,1.0272890722262674e-05,1.25,1.25,1.25,0.0,0.0,0.0
360,0.0001317689922871068,0.00012254556968400722,9.223421511705964e-06,1.25,1.25,1.25,0.0,0.0,0.0
361,0.00013269439659779891,0.00012197703399579041,1.0717364102674764e-05,1.25,1.25,1.25,0.0,0.0,0.0
362,0.00013209759345045313,0.0001218586116010556,1.0238982167720678e-05,1.25,1.25,1.25,0.0,0.0,0.0
363,0.00012942167013534344,0.00012179941113572567,7.6222589086683e-06,1.25,1.25,1.25,0.0,0.0,0.0
364,0.0001285116137296427,0.00012169798428658396,6.813630920987634e-06,1.25,1.25,1.25,0.0,0.0,0.0
365,0.0001297795977734495,0.00012226610342622735,7.513493710575858e-06,1.25,1.25,1.25,0.0,0.0,0.0
366,0.00012774652641382999,0.00012181775309727527,5.928773884988914e-06,1.25,1.25,1.25,0.0,0.0,0.0
367,0.00013050767593085765,0.00012235563481226562,8.152040390996262e-06,1.25,1.25,1.25,0.0,0.0,0.0
368,0.00013387321669142694,0.00012214601556479466,1.172720048998599e-05,1.25,1.25,1.25,0.0,0.0,0.0
369,0.00012937029168824665,0.00012197721225675196,7.393080659312546e-06,1.25,1.25,1.25,0.0,0.0,0.0
370,0.00012729985246551223,0.00012149777539889328,5.802077657790505e-06,1.25,1.25,1.25,0.0,0.0,0.0
371,0.00012674673707806504,0.00012171562302683014,5.031115233578021e-06,1.25,1.25,1.25,0.0,0.0,0.0
372,0.00012760186218656598,0.00012142098275944591,6.180879677231133e-06,1.25,1.25,1.25,0.0,0.0,0.0
373,0.00012876172331743874,0.00012129792958148755,7.46379221254756e-06,1.25,1.25,1.25,0.0,0.0,0.0
374,0.00012654692145588342,0.00012148463792982511,5.062283946699608e-06,1.25,1.25,1.25,0.0,0.0,0.0
375,0.0001254429531400092,0.00012148731329943984,3.955638942443329e-06,1.25,1.25,1.25,0.0,0.0,0.0
376,0.00012416112876962871,0.00012152853159932419,2.632597613683174e-06,1.25,1.25,1.25,0.0,0.0,0.0
377,0.00012369991636660416,0.0001212193939863937,2.4805218686196897e-06,1.25,1.25,1.25,0.0,0.0,0.0
378,0.00012428573900251648,0.00012181042693555355,2.4753121579124127e-06,1.25,1.25,1.25,0.0,0.0,0.0
379,0.00012495041301008314,0.00012183665785414632,3.113755485628644e-06,1.25,1.25,1.25,0.0,0.0,0.0
380,0.00012438154881238005,0.00012117938385927118,3.20216399813944e-06,1.25,1.25,1.25,0.0,0.0,0.0
381,0.00012438400299288332,0.00012136276200180873,3.0212414117158914e-06,1.25,1.25,1.25,0.0,0.0,0.0
382,0.00012519234223873354,0.00012141347397118807,3.7788675854244503e-06,1.25,1.25,1.25,0.0,0.0,0.0
383,0.00012572478844958824,0.00012137380181229674,4.350987865109346e-06,1.25,1.25,1.25,0.0,0.0,0.0
384,0.00012582123672473245,0.00012125459652452264,4.566640893699514e-06,1.25,1.25,1.25,0.0,0.0,0.0
385,0.00012593285500770435,0.00012108062146580778,4.852233155361319e-06,1.25,1.25,1.25,0.0,0.0,0.0
386,0.00012792496345355177,0.00012123940869059879,6.685555285912415e-06,1.25,1.25,1.25,0.0,0.0,0.0
387,0.00013306658511282876,0.00012175491829111707,1.1311666867186432e-05,1.25,1.25,1.25,0.0,0.0,0.0
388,0.00013151078237569891,0.00012186103376734536,9.649747858020418e-06,1.25,1.25,1.25,0.0,0.0,0.0
389,0.00013107720733387395,0.00012188537111796904,9.191835920319135e-06,1.25,1.25,1.25,0.0,0.0,0.0
390,0.000129712338821264,0.00012133872842241544,8.373608989131753e-06,1.25,1.25,1.25,0.0,0.0,0.0
391,0.00013220682521932758,0.00012153725001553539,1.0669576568034245e-05,1.25,1.25,1.25,0.0,0.0,0.0
392,0.00013474653533194215,0.0001221567395987222,1.2589795255735226e-05,1.25,1.25,1.25,0.0,0.0,0.0
393,0.000129081096383743,0.0001215250766108511,7.556019113508228e-06,1.25,1.25,1.25,0.0,0.0,0.0
394,0.00012614386432687751,0.00012084589725418482,5.297968039030821e-06,1.25,1.25,1.25,0.0,0.0,0.0
395,0.0001254381499165902,0.00012108100490877405,4.35714457580616e-06,1.25,1.25,1.25,0.0,0.0,0.0
396,0.00012478994758566842,0.000121034357289318,3.7555902963504197e-06,1.25,1.25,1.25,0.0,0.0,0.0
397,0.00012435552998795173,0.00012115187309973408,3.2036575021265888e-06,1.25,1.25,1.25,0.0,0.0,0.0
398,0.00012370303265925032,0.00012105318346584681,2.649850205216353e-06,1.25,1.25,1.25,0.0,0.0,0.0
399,0.0001233959905221127,0.00012082301946065854,2.572971095560206e-06,1.25,1.25,1.25,0.0,0.0,0.0
400,0.0001238774806552101,0.00012083682922821026,3.040650972252479e-06,1.25,1.25,1.25,0.0,0.0,0.0
401,0.0001257431256817654,0.00012116045836592093,4.582667781960481e-06,1.25,1.25,1.25,0.0,0.0,0.0
402,0.00012550254905363545,0.00012118236736569088,4.32018121045985e-06,1.25,1.25,1.25,0.0,0.0,0.0
403,0.0001264299120521173,0.00012119787133997306,5.232040405189764e-06,1.25,1.25,1.25,0.0,0.0,0.0
404,0.0001294400790357031,0.00012133530581195373,8.104774929051928e-06,1.25,1.25,1.25,0.0,0.0,0.0
405,0.0001303461853240151,0.00012134511380281764,9.001071839520592e-06,1.25,1.25,1.25,0.0,0.0,0.0
406,0.0001278132971492596,0.00012106689246138558,6.7464063477018495e-06,1.25,1.25,1.25,0.0,0.0,0.0
407,0.00012567199883051217,0.0001206031101901317,5.068887173820258e-06,1.25,1.25,1.25,0.0,0.0,0.0
408,0.00012444974054233172,0.00012050730620103423,3.942432977055433e-06,1.25,1.25,1.25,0.0,0.0,0.0
409,0.00012416535246302375,0.00012079484440619126,3.3705058172017742e-06,1.25,1.25,1.25,0.0,0.0,0.0
410,0.00012352045669103973,0.00012081147142453119,2.7089847776551325e-06,1.25,1.25,1.25,0.0,0.0,0.0
411,0.00012347061128821225,0.00012077500505256467,2.6956069177686003e-06,1.25,1.25,1.25,0.0,0.0,0.0
412,0.00012416721801855601,0.00012117138430767227,2.9958351774439505e-06,1.25,1.25,1.25,0.0,0.0,0.0
413,0.00012479345314204694,0.00012084967238479294,3.943780643567152e-06,1.25,1.25,1.25,0.0,0.0,0.0
414,0.0001275719903787831,0.00012091375429008621,6.658236043222132e-06,1.25,1.25,1.25,0.0,0.0,0.0
415,0.000125298954299069,0.00012050016921421048,4.798785926141136e-06,1.25,1.25,1.25,0.0,0.0,0.0
416,0.00012532950058812274,0.00012054032522428315,4.789175318364869e-06,1.25,1.25,1.25,0.0,0.0,0.0
417,0.00012395350640872493,0.00012077990468242205,3.1736007031213376e-06,1.25,1.25,1.25,0.0,0.0,0.0
418,0.00012431724317139015,0.00012093793775420636,3.3793054740272056e-06,1.25,1.25,1.25,0.0,0.0,0.0
419,0.00012425151144270785,0.00012058418033120689,3.667330224743637e-06,1.25,1.25,1.25,0.0,0.0,0.0
420,0.00012547896949399728,0.0001206324523082003,4.846516640100163e-06,1.25,1.25,1.25,0.0,0.0,0.0
421,0.00012783158163074405,0.00012114387354813516,6.687709310426726e-06,1.25,1.25,1.25,0.0,0.0,0.0
422,0.00013779079527012072,0.000121202153241029,1.658864262026327e-05,1.25,1.25,1.25,0.0,0.0,0.0
423,0.00013582563915406353,0.00012110936804674566,1.4716272426085198e-05,1.25,1.25,1.25,0.0,0.0,0.0
424,0.0001333327447355259,0.0001207856028486276,1.2547143205665634e-05,1.25,1.25,1.25,0.0,0.0,0.0
425,0.00012672468656091951,0.00012090376949345228,5.820917340315645e-06,1.25,1.25,1.25,0.0,0.0,0.0
426,0.0001260425357031636,0.00012053231839672662,5.5102174655985435e-06,1.25,1.25,1.25,0.0,0.0,0.0
427,0.0001238526645465754,0.00012023742383462376,3.615238813381438e-06,1.25,1.25,1.25,0.0,0.0,0.0
428,0.0001244926588697126,0.00012076867133146152,3.723989414083917e-06,1.25,1.25,1.25,0.0,0.0,0.0
429,0.00012557036825455725,0.00012098812403564807,4.582245753681491e-06,1.25,1.25,1.25,0.0,0.0,0.0
430,0.00012697067977569533,0.00012102946857339703,5.941212384641403e-06,1.25,1.25,1.25,0.0,0.0,0.0
431,0.00013084513921057805,0.00012211697357997764,8.728166358196177e-06,1.25,1.25,1.25,0.0,0.0,0.0
432,0.00013932636502431706,0.00012130354443797841,1.8022821450358606e-05,1.25,1.25,1.25,0.0,0.0,0.0
433,0.00013336021365830674,0.00012066968592989724,1.2690530002146261e-05,1.25,1.25,1.25,0.0,0.0,0.0
434,0.0001298496630624868,0.00012061394663760438,9.235717584488157e-06,1.25,1.25,1.25,0.0,0.0,0.0
435,0.00013279142149258405,0.00012066564631822985,1.2125776629545726e-05,1.25,1.25,1.25,0.0,0.0,0.0
436,0.00012755013376590795,0.00012049304859829135,7.057086600070761e-06,1.25,1.25,1.25,0.0,0.0,0.0
437,0.00012592971834237687,0.00012030291654809843,5.626801021207939e-06,1.25,1.25,1.25,0.0,0.0,0.0
438,0.000125165814824868,0.0001201868650241522,4.978951744760707e-06,1.25,1.25,1.25,0.0,0.0,0.0
439,0.00012274146647541783,0.00011998824556940235,2.7532203603186643e-06,1.25,1.25,1.25,0.0,0.0,0.0
440,0.0001230676756676985,0.00012032651829940733,2.7411579594627254e-06,1.25,1.25,1.25,0.0,0.0,0.0
441,0.00012286414676054846,0.00012038417262374423,2.4799740003800252e-06,1.25,1.25,1.25,0.0,0.0,0.0
442,0.00012314927516854368,0.00012006833858322353,3.080938017774315e-06,1.25,1.25,1.25,0.0,0.0,0.0
443,0.0001229805468028644,0.00012013056330033578,2.8499842869678103e-06,1.25,1.25,1.25,0.0,0.0,0.0
444,0.0001223363389726728,0.000119937405543169,2.398933906988532e-06,1.25,1.25,1.25,0.0,0.0,0.0
445,0.0001228848755999934,0.00012025432952214032,2.6305457254238716e-06,1.25,1.25,1.25,0.0,0.0,0.0
446,0.00012231113578309305,0.00012008864796371199,2.2224876033760665e-06,1.25,1.25,1.25,0.0,0.0,0.0
447,0.00012166243759565986,0.00011976307287113741,1.899364508517465e-06,1.25,1.25,1.25,0.0,0.0,0.0
448,0.00012170507689006627,0.00011988238038611599,1.8226971860713093e-06,1.25,1.25,1.25,0.0,0.0,0.0
449,0.00012198079093650449,0.0001199775801069336,2.0032109773637787e-06,1.25,1.25,1.25,0.0,0.0,0.0
450,0.00012284989497857168,0.00012038727654726245,2.4626185677334433e-06,1.25,1.25,1.25,0.0,0.0,0.0
451,0.00012283650539757218,0.00012003014744550455,2.80635738363344e-06,1.25,1.25,1.25,0.0,0.0,0.0
452,0.00012469554712879471,0.00012029070785501972,4.404839205562894e-06,1.25,1.25,1.25,0.0,0.0,0.0
453,0.00012629749326151796,0.00012048405696987174,5.813435950585699e-06,1.25,1.25,1.25,0.0,0.0,0.0
454,0.0001256900330190547,0.00011999431117146742,5.6957206084007336e-06,1.25,1.25,1.25,0.0,0.0,0.0
455,0.00012367748786346056,0.00012001679751847406,3.6606913681680454e-06,1.25,1.25,1.25,0.0,0.0,0.0
456,0.00012343160051386803,0.00012005495991616045,3.376640790975216e-06,1.25,1.25,1.25,0.0,0.0,0.0
457,0.00012278721187612972,0.00011964238401560579,3.1448280083168355e-06,1.25,1.25,1.25,0.0,0.0,0.0
458,0.00012523270343081094,0.00012030325779051054,4.929446515689051e-06,1.25,1.25,1.25,0.0,0.0,0.0
459,0.00012686036207014694,0.0001203759791678749,6.484383197857823e-06,1.25,1.25,1.25,0.0,0.0,0.0
460,0.00012492059795476962,0.00012059000655426644,4.330592776113917e-06,1.25,1.25,1.25,0.0,0.0,0.0
461,0.00012378680876281578,0.00012001450086245314,3.7723088098573498e-06,1.25,1.25,1.25,0.0,0.0,0.0
462,0.00012359302854747511,0.00011978317670582327,3.8098509435258166e-06,1.25,1.25,1.25,0.0,0.0,0.0
463,0.00012283334363019093,0.00011976607056567446,3.0672740763293406e-06,1.25,1.25,1.25,0.0,0.0,0.0
464,0.00012234255445946473,0.00011960029223700985,2.7422615630712245e-06,1.25,1.25,1.25,0.0,0.0,0.0
465,0.00012267213278391865,0.00012001272043562494,2.6594109272082276e-06,1.25,1.25,1.25,0.0,0.0,0.0
466,0.00012335703322605696,0.00012003538868157193,3.321644112475042e-06,1.25,1.25,1.25,0.0,0.0,0.0
467,0.000123971782886656,0.0001197902030980913,4.181578890438686e-06,1.25,1.25,1.25,0.0,0.0,0.0
468,0.00012554072309285403,0.00012022192931908649,5.318792409525485e-06,1.25,1.25,1.25,0.0,0.0,0.0
469,0.00012628496733668726,0.00012045132898492738,5.833640898345038e-06,1.25,1.25,1.25,0.0,0.0,0.0
470,0.00012932632744195872,0.00012027675766148604,9.049568939190067e-06,1.25,1.25,1.25,0.0,0.0,0.0
471,0.00013234932921477594,0.00012055519837304019,1.1794130955422588e-05,1.25,1.25,1.25,0.0,0.0,0.0
472,0.00012853447478846646,0.0001200190465169726,8.515429658473295e-06,1.25,1.25,1.25,0.0,0.0,0.0
473,0.00012721311941277236,0.00012009478741674684,7.118331609490269e-06,1.25,1.25,1.25,0.0,0.0,0.0
474,0.00013020757323829458,0.00012011057769996114,1.0096994856212405e-05,1.25,1.25,1.25,0.0,0.0,0.0
475,0.00012651858050958254,0.00012007493787677959,6.443641473197203e-06,1.25,1.25,1.25,0.0,0.0,0.0
476,0.0001268963773327414,0.00011994082378805616,6.955553362786304e-06,1.25,1.25,1.25,0.0,0.0,0.0
477,0.0001299489329539938,0.00011993035477644298,1.0018579723691801e-05,1.25,1.25,1.25,0.0,0.0,0.0
478,0.00012349453318165614,0.0001196007513499353,3.893781968145049e-06,1.25,1.25,1.25,0.0,0.0,0.0
479,0.00012244985591678415,0.00011964509976678528,2.8047549790244374e-06,1.25,1.25,1.25,0.0,0.0,0.0
480,0.00012159191646787804,0.0001194947511976352,2.097166725434363e-06,1.25,1.25,1.25,0.0,0.0,0.0
481,0.00012136640252720099,0.00011937180170207284,1.9946011320826075e-06,1.25,1.25,1.25,0.0,0.0,0.0
482,0.00012179384902992752,0.00011963855213252828,2.1552959196924347e-06,1.25,1.25,1.25,0.0,0.0,0.0
483,0.00012256160989636554,0.00011953169378102757,3.0299161153379828e-06,1.25,1.25,1.25,0.0,0.0,0.0
484,0.00012429342277755495,0.00011981256648141425,4.480854693156289e-06,1.25,1.25,1.25,0.0,0.0,0.0
485,0.00012394230980135036,0.00011968447106482926,4.257837883869797e-06,1.25,1.25,1.25,0.0,0.0,0.0
486,0.00012288319594517817,0.00011959167204622645,3.291524762971676e-06,1.25,1.25,1.25,0.0,0.0,0.0
487,0.00012339862587396055,0.00011966067977482453,3.737945235116058e-06,1.25,1.25,1.25,0.0,0.0,0.0
488,0.0001228397955856053,0.00011927368977922015,3.566106352081988e-06,1.25,1.25,1.25,0.0,0.0,0.0
489,0.00012247128179296852,0.00011935169641219545,3.119584727073743e-06,1.25,1.25,1.25,0.0,0.0,0.0
490,0.00012153911193308886,0.00011916859075427056,2.3705204455382047e-06,1.25,1.25,1.25,0.0,0.0,0.0
491,0.00012146911030868069,0.000119487633855897,1.981476981427477e-06,1.25,1.25,1.25,0.0,0.0,0.0
492,0.0001210588525282219,0.00011906393738172482,1.9949147826991975e-06,1.25,1.25,1.25,0.0,0.0,0.0
493,0.00012116299949411768,0.00011910235916730016,2.06063903078757e-06,1.25,1.25,1.25,0.0,0.0,0.0
494,0.00012131740477343556,0.00011912140689673834,2.195997376475134e-06,1.25,1.25,1.25,0.0,0.0,0.0
495,0.00012234386995260138,0.0001193301985040307,3.0136708915051713e-06,1.25,1.25,1.25,0.0,0.0,0.0
496,0.00012227716579218395,0.00011943998943024781,2.837176839420863e-06,1.25,1.25,1.25,0.0,0.0,0.0
497,0.00012254058638063725,0.00011938113457290455,3.159451603096386e-06,1.25,1.25,1.25,0.0,0.0,0.0
498,0.00012395884114084764,0.00011974094013567083,4.217900141156861e-06,1.25,1.25,1.25,0.0,0.0,0.0
499,0.00012415233941283078,0.00011963406614086125,4.518273578923982e-06,1.25,1.25,1.25,0.0,0.0,0.0
500,0.00012401717722241302,0.00011956986309087369,4.447313801847485e-06,1.25,1.25,1.25,0.0,0.0,0.0
501,0.00012349082353466657,0.00011926058868994005,4.230234640090202e-06,1.25,1.25,1.25,0.0,0.0,0.0
502,0.00012269925500731915,0.00011929504835279658,3.404206552204414e-06,1.25,1.25,1.25,0.0,0.0,0.0
503,0.00012253945496922824,0.00011927956293220632,3.2598927987237404e-06,1.25,1.25,1.25,0.0,0.0,0.0
504,0.00012167981112725102,0.00011907191728823818,2.6078941345986094e-06,1.25,1.25,1.25,0.0,0.0,0.0
505,0.00012182470672996714,0.00011916065850527957,2.664046837708156e-06,1.25,1.25,1.25,0.0,0.0,0.0
506,0.00012190242705401033,0.00011914264941879083,2.759779465577594e-06,1.25,1.25,1.25,0.0,0.0,0.0
507,0.00012225165446579921,0.00011917072442884092,3.080929525367537e-06,1.25,1.25,1.25,0.0,0.0,0.0
508,0.0001228474789968459,0.00011928438834729604,3.5630911384032517e-06,1.25,1.25,1.25,0.0,0.0,0.0
509,0.00012157245037087705,0.00011886337233590893,2.7090775802207643e-06,1.25,1.25,1.25,0.0,0.0,0.0
510,0.00012144384963903576,0.00011917778429051395,2.2660652405193103e-06,1.25,1.25,1.25,0.0,0.0,0.0
511,0.00012154884716437664,0.00011919349926756695,2.355347032789723e-06,1.25,1.25,1.25,0.0,0.0,0.0
512,0.00012175408264738507,0.00011930701402889099,2.4470680955346326e-06,1.25,1.25,1.25,0.0,0.0,0.0
513,0.000121291020695935,0.0001188951118820114,2.3959085069691357e-06,1.25,1.25,1.25,0.0,0.0,0.0
514,0.00012127403497288469,0.00011879337289428804,2.4806617830108736e-06,1.25,1.25,1.25,0.0,0.0,0.0
515,0.00012162349266873207,0.00011896050855284557,2.662984115886502e-06,1.25,1.25,1.25,0.0,0.0,0.0
516,0.00012182741083961446,0.00011960760348301846,2.2198076351287454e-06,1.25,1.25,1.25,0.0,0.0,0.0
517,0.00012096021819161252,0.00011883126026077662,2.1289577546212967e-06,1.25,1.25,1.25,0.0,0.0,0.0
518,0.00012053315185767133,0.00011884221676154994,1.6909347777982475e-06,1.25,1.25,1.25,0.0,0.0,0.0
519,0.00012053437021677382,0.00011898070224560797,1.5536673288352176e-06,1.25,1.25,1.25,0.0,0.0,0.0
520,0.00012053338214172982,0.00011912714653590228,1.4062347815979591e-06,1.25,1.25,1.25,0.0,0.0,0.0
521,0.00012062811911164317,0.00011915236718778033,1.4757521682895458e-06,1.25,1.25,1.25,0.0,0.0,0.0
522,0.00012055763691023457,0.00011898972297785804,1.5679129319323692e-06,1.25,1.25,1.25,0.0,0.0,0.0
523,0.00012061381421517581,0.00011890348760061898,1.710326574766441e-06,1.25,1.25,1.25,0.0,0.0,0.0
524,0.00012066908566339407,0.00011875787822646089,1.911207777993695e-06,1.25,1.25,1.25,0.0,0.0,0.0
525,0.00012091887583665084,0.00011874347037519329,2.175406103788191e-06,1.25,1.25,1.25,0.0,0.0,0.0
526,0.00012144958855060395,0.00011885181629622821,2.5977724590120487e-06,1.25,1.25,1.25,0.0,0.0,0.0
527,0.00012203062469779979,0.00011882761573360767,3.2030087709244983e-06,1.25,1.25,1.25,0.0,0.0,0.0
528,0.00012213264490128494,0.00011858895450131968,3.543689319940313e-06,1.25,1.25,1.25,0.0,0.0,0.0
529,0.00012068624346284196,0.00011861292732646689,2.073316397854796e-06,1.25,1.25,1.25,0.0,0.0,0.0
530,0.00012042152920912485,0.00011854578551719896,1.8757429359084199e-06,1.25,1.25,1.25,0.0,0.0,0.0
531,0.00012049575379933231,0.00011865690830745735,1.838845889778895e-06,1.25,1.25,1.25,0.0,0.0,0.0
532,0.00012083099027222488,0.00011862882347486447,2.20216705315579e-06,1.25,1.25,1.25,0.0,0.0,0.0
533,0.00012126653928135056,0.00011878383047587704,2.482708680418e-06,1.25,1.25,1.25,0.0,0.0,0.0
534,0.00012114432574890088,0.00011864338666782715,2.5009390412833453e-06,1.25,1.25,1.25,0.0,0.0,0.0
535,0.00012108691407775041,0.00011874062911374495,2.34628480484389e-06,1.25,1.25,1.25,0.0,0.0,0.0
536,0.00012057570020260756,0.0001188101992738666,1.765500792316743e-06,1.25,1.25,1.25,0.0,0.0,0.0
537,0.00012033967941533774,0.00011866037057188805,1.6793091788258607e-06,1.25,1.25,1.25,0.0,0.0,0.0
538,0.0001198813824885292,0.00011849601178255398,1.3853707741873222e-06,1.25,1.25,1.25,0.0,0.0,0.0
539,0.00012007608820567839,0.00011856020137201995,1.5158869530296216e-06,1.25,1.25,1.25,0.0,0.0,0.0
540,0.00012010549762635492,0.00011857733188662678,1.528166279740617e-06,1.25,1.25,1.25,0.0,0.0,0.0
541,0.00011967159407504369,0.00011833165663119872,1.3399379213296924e-06,1.25,1.25,1.25,0.0,0.0,0.0
542,0.0001198627858684631,0.00011843839929497335,1.4243860846363532e-06,1.25,1.25,1.25,0.0,0.0,0.0
543,0.00012001357099507004,0.0001184909517178312,1.5226197433548805e-06,1.25,1.25,1.25,0.0,0.0,0.0
544,0.00012002986222796608,0.0001183590564323822,1.670805949061105e-06,1.25,1.25,1.25,0.0,0.0,0.0
545,0.00012129279893997591,0.00011906202344107442,2.2307744075078516e-06,1.25,1.25,1.25,0.0,0.0,0.0
546,0.00012114831260987558,0.00011901336038135923,2.1349520238800325e-06,1.25,1.25,1.25,0.0,0.0,0.0
547,0.00012095359998056665,0.00011875670024892315,2.1969001011257204e-06,1.25,1.25,1.25,0.0,0.0,0.0
548,0.0001229222889378434,0.00011886950123880524,4.052788438002608e-06,1.25,1.25,1.25,0.0,0.0,0.0
549,0.00012154173236922361,0.00011862590836244635,2.915823893090419e-06,1.25,1.25,1.25,0.0,0.0,0.0
550,0.00012120688115828671,0.00011887478394783102,2.3320975117258056e-06,1.25,1.25,1.25,0.0,0.0,0.0
551,0.00012059848595527,0.00011850799128296786,2.090494672302157e-06,1.25,1.25,1.25,0.0,0.0,0.0
552,0.0001202614999783691,0.00011835566328954883,1.90583692187829e-06,1.25,1.25,1.25,0.0,0.0,0.0
553,0.0001201417780976044,0.00011836486883112229,1.7769090163710644e-06,1.25,1.25,1.25,0.0,0.0,0.0
554,0.0001213549156091176,0.0001193053562019486,2.0495591797953238e-06,1.25,1.25,1.25,0.0,0.0,0.0
555,0.00012195616582175717,0.00011880478705279529,3.1513777571490207e-06,1.25,1.25,1.25,0.0,0.0,0.0
556,0.00012329231867624912,0.00011887666587426793,4.415652608713572e-06,1.25,1.25,1.25,0.0,0.0,0.0
557,0.0001240614274138352,0.00011896277210325934,5.098655276469799e-06,1.25,1.25,1.25,0.0,0.0,0.0
558,0.0001252082616701955,0.00011903283448191359,6.175426437948772e-06,1.25,1.25,1.25,0.0,0.0,0.0
559,0.00012697236015810632,0.00011893323389813303,8.039128033487941e-06,1.25,1.25,1.25,0.0,0.0,0.0
560,0.00012393219549267087,0.00011861556668009143,5.316629801654926e-06,1.25,1.25,1.25,0.0,0.0,0.0
561,0.00012262954842299223,0.00011861269631481264,4.016851949018019e-06,1.25,1.25,1.25,0.0,0.0,0.0
562,0.00012051691373926587,0.00011818146995210555,2.335443912215851e-06,1.25,1.25,1.25,0.0,0.0,0.0
563,0.0001196640900161583,0.00011806664551841095,1.5974445091160305e-06,1.25,1.25,1.25,0.0,0.0,0.0
564,0.00011924975078727584,0.00011793950798164588,1.3102429534228577e-06,1.25,1.25,1.25,0.0,0.0,0.0
565,0.00011899877608811948,0.00011791794931923505,1.0808270928919228e-06,1.25,1.25,1.25,0.0,0.0,0.0
566,0.0001188798290968407,0.00011790640019171406,9.734290273399893e-07,1.25,1.25,1.25,0.0,0.0,0.0
567,0.00011890944915649015,0.00011789805212174543,1.011396639682971e-06,1.25,1.25,1.25,0.0,0.0,0.0
568,0.00011897116382897366,0.0001180289840704063,9.421804691100988e-07,1.25,1.25,1.25,0.0,0.0,0.0
569,0.00011908638516615611,0.0001181022740638582,9.841112699859878e-07,1.25,1.25,1.25,0.0,0.0,0.0
570,0.00011904218008567114,0.00011792365148721728,1.1185286211912172e-06,1.25,1.25,1.25,0.0,0.0,0.0
571,0.0001188620492030168,0.0001177583253593184,1.103723229789466e-06,1.25,1.25,1.25,0.0,0.0,0.0
572,0.00011896624455403071,0.00011784735470428131,1.118889946383206e-06,1.25,1.25,1.25,0.0,0.0,0.0
573,0.00011917864248971455,0.00011804769892478361,1.130943599036982e-06,1.25,1.25,1.25,0.0,0.0,0.0
574,0.00011913794369320386,0.00011802110238932074,1.1168416108375822e-06,1.25,1.25,1.25,0.0,0.0,0.0
575,0.00011904867933481,0.00011797205042967107,1.0766292518837873e-06,1.25,1.25,1.25,0.0,0.0,0.0
576,0.00011892276670550927,0.00011788371957663913,1.0390473050847504e-06,1.25,1.25,1.25,0.0,0.0,0.0
577,0.00011883387269335799,0.00011774610065913293,1.0877719319069e-06,1.25,1.25,1.25,0.0,0.0,0.0
578,0.00011888157205248717,0.00011785964306909591,1.021928810018835e-06,1.25,1.25,1.25,0.0,0.0,0.0
579,0.00011891990434378385,0.00011795434111263602,9.655629980898083e-07,1.25,1.25,1.25,0.0,0.0,0.0
580,0.0001189153961604461,0.00011784114249167033,1.0742531458163284e-06,1.25,1.25,1.25,0.0,0.0,0.0
581,0.0001188736150652403,0.00011777674735640176,1.0968670437705442e-06,1.25,1.25,1.25,0.0,0.0,0.0
582,0.00011916925868717953,0.00011796359794971067,1.2056607999966219e-06,1.25,1.25,1.25,0.0,0.0,0.0
583,0.0001192232459288789,0.00011798631785495673,1.2369279033919156e-06,1.25,1.25,1.25,0.0,0.0,0.0
584,0.00011907432635780424,0.00011787307375925593,1.2012521665383248e-06,1.25,1.25,1.25,0.0,0.0,0.0
585,0.00011919281023438088,0.00011792066688940395,1.2721430834972125e-06,1.25,1.25,1.25,0.0,0.0,0.0
586,0.00011896487449121196,0.00011771561366913375,1.2492609243963671e-06,1.25,1.25,1.25,0.0,0.0,0.0
587,0.00011878262448590249,0.00011768556178139988,1.0970630597739727e-06,1.25,1.25,1.25,0.0,0.0,0.0
588,0.00011889904271811247,0.00011782209949160461,1.076943618727455e-06,1.25,1.25,1.25,0.0,0.0,0.0
589,0.00011890407622558997,0.00011781775974668562,1.0863167346997216e-06,1.25,1.25,1.25,0.0,0.0,0.0
590,0.0001188237794849556,0.00011769244702009019,1.1313321351735794e-06,1.25,1.25,1.25,0.0,0.0,0.0
591,0.00011910204484593123,0.00011784017842728645,1.2618669984476583e-06,1.25,1.25,1.25,0.0,0.0,0.0
592,0.00011927656814805231,0.00011795815553341526,1.318412938644542e-06,1.25,1.25,1.25,0.0,0.0,0.0
593,0.00011938226925849449,0.00011797451006714254,1.4077593448291737e-06,1.25,1.25,1.25,0.0,0.0,0.0
594,0.00011986275421804748,0.00011803175475506577,1.8309997926735377e-06,1.25,1.25,1.25,0.0,0.0,0.0
595,0.00011959454277530313,0.0001177724599983776,1.8220828849280225e-06,1.25,1.25,1.25,0.0,0.0,0.0
596,0.00011953184657613747,0.00011766730494855437,1.8645411557827173e-06,1.25,1.25,1.25,0.0,0.0,0.0
597,0.00011935003822145518,0.00011767217802116647,1.6778605640865862e-06,1.25,1.25,1.25,0.0,0.0,0.0
598,0.00011955359805142507,0.00011785488386522047,1.6987142146263068e-06,1.25,1.25,1.25,0.0,0.0,0.0
599,0.00011971516905759927,0.00011791828255809378,1.7968861016015581e-06,1.25,1.25,1.25,0.0,0.0,0.0
600,0.00012015487991448026,0.00011803119341493584,2.123686323329821e-06,1.25,1.25,1.25,0.0,0.0,0.0
601,0.00011922350713575725,0.00011756289313780144,1.6606137876351567e-06,1.25,1.25,1.25,0.0,0.0,0.0
602,0.00011888739536516368,0.00011752693571907003,1.3604604191641557e-06,1.25,1.25,1.25,0.0,0.0,0.0
603,0.00011893690862052608,0.00011763520378735848,1.3017046342156392e-06,1.25,1.25,1.25,0.0,0.0,0.0
604,0.0001188864425785141,0.00011751471793104429,1.3717247327349468e-06,1.25,1.25,1.25,0.0,0.0,0.0
605,0.000118972858399502,0.00011763786060328129,1.3349985181321245e-06,1.25,1.25,1.25,0.0,0.0,0.0
606,0.00011898151060449891,0.00011754665029002353,1.4348599961522268e-06,1.25,1.25,1.25,0.0,0.0,0.0
607,0.00011967584614467342,0.00011777122635976411,1.9046190459448554e-06,1.25,1.25,1.25,0.0,0.0,0.0
608,0.0001202071929583326,0.00011773315054597333,2.4740421565638825e-06,1.25,1.25,1.25,0.0,0.0,0.0
609,0.00012107094480597879,0.00011770974451792426,3.361200413110055e-06,1.25,1.25,1.25,0.0,0.0,0.0
610,0.00012242261291248724,0.00011827803646156099,4.144576018916269e-06,1.25,1.25,1.25,0.0,0.0,0.0
611,0.00012266909652680624,0.00011846788620459848,4.201209674192796e-06,1.25,1.25,1.25,0.0,0.0,0.0
612,0.00012556354922708124,0.00011869075678987429,6.872791664136457e-06,1.25,1.25,1.25,0.0,0.0,0.0
613,0.0001232232156326063,0.00011826715599454474,4.9560585580366025e-06,1.25,1.25,1.25,0.0,0.0,0.0
614,0.00012156766279076691,0.00011770479832193815,3.862864957682177e-06,1.25,1.25,1.25,0.0,0.0,0.0
615,0.0001200723447254859,0.00011745468364097179,2.6176621645390695e-06,1.25,1.25,1.25,0.0,0.0,0.0
616,0.00011995198110525962,0.00011771005993068683,2.2419211063606783e-06,1.25,1.25,1.25,0.0,0.0,0.0
617,0.00011984015254711267,0.00011761900605051778,2.2211465022792254e-06,1.25,1.25,1.25,0.0,0.0,0.0
618,0.00012005335520370863,0.00011772173857025337,2.3316168608289446e-06,1.25,1.25,1.25,0.0,0.0,0.0
619,0.00011904479324584827,0.00011748695251299069,1.557840533905619e-06,1.25,1.25,1.25,0.0,0.0,0.0
620,0.00011878915393026546,0.00011747583666874562,1.3133178129010048e-06,1.25,1.25,1.25,0.0,0.0,0.0
621,0.0001185135519335745,0.00011736094820662402,1.1526033972586446e-06,1.25,1.25,1.25,0.0,0.0,0.0
622,0.00011864486805279739,0.00011767416945076547,9.706986361379677e-07,1.25,1.25,1.25,0.0,0.0,0.0
623,0.00011813238415925298,0.00011727727724064607,8.551065207029751e-07,1.25,1.25,1.25,0.0,0.0,0.0
624,0.00011816616570285987,0.00011736057567759416,8.055905567516674e-07,1.25,1.25,1.25,0.0,0.0,0.0
625,0.00011803576999227516,0.00011724183132173493,7.939384602195787e-07,1.25,1.25,1.25,0.0,0.0,0.0
626,0.00011841599334729835,0.00011755367922887672,8.623142406349871e-07,1.25,1.25,1.25,0.0,0.0,0.0
627,0.0001182056286779698,0.00011733235223800875,8.732764740670973e-07,1.25,1.25,1.25,0.0,0.0,0.0
628,0.00011838734099001158,0.0001174738456029445,9.134954325418221e-07,1.25,1.25,1.25,0.0,0.0,0.0
629,0.00011805341637227684,0.00011720838701876347,8.450298963680325e-07,1.25,1.25,1.25,0.0,0.0,0.0
630,0.00011800238680734765,0.00011721365190169309,7.887347862833849e-07,1.25,1.25,1.25,0.0,0.0,0.0
631,0.00011813919845735655,0.000117314422459458,8.247764185398409e-07,1.25,1.25,1.25,0.0,0.0,0.0
632,0.00011804295754700434,0.00011720855836756527,8.34398497318034e-07,1.25,1.25,1.25,0.0,0.0,0.0
633,0.00011813628698291723,0.00011732471757568419,8.115699046129521e-07,1.25,1.25,1.25,0.0,0.0,0.0
634,0.00011809004536189605,0.00011726743396138773,8.226114630360826e-07,1.25,1.25,1.25,0.0,0.0,0.0
635,0.00011808587078121491,0.00011729894686141051,7.869232206303422e-07,1.25,1.25,1.25,0.0,0.0,0.0
636,0.00011804058740381152,0.00011723852949216962,8.020573687872456e-07,1.25,1.25,1.25,0.0,0.0,0.0
637,0.00011794247038778848,0.00011715011096384842,7.92358775925095e-07,1.25,1.25,1.25,0.0,0.0,0.0
638,0.00011786285358539317,0.00011709599530149717,7.668578604125287e-07,1.25,1.25,1.25,0.0,0.0,0.0
639,0.00011818540442618542,0.00011736563756130636,8.197678170063227e-07,1.25,1.25,1.25,0.0,0.0,0.0
640,0.00011792488694482018,0.0001171187552245101,8.06130827868401e-07,1.25,1.25,1.25,0.0,0.0,0.0
641,0.00011804591485997662,0.00011720063594111707,8.452781571577361e-07,1.25,1.25,1.25,0.0,0.0,0.0
642,0.00011810009491455275,0.00011722062008630018,8.794740438133886e-07,1.25,1.25,1.25,0.0,0.0,0.0
643,0.00011824723769677803,0.00011722831441147718,1.0189233364599203e-06,1.25,1.25,1.25,0.0,0.0,0.0
644,0.00011818272323580459,0.00011712863451975863,1.054088033924927e-06,1.25,1.25,1.25,0.0,0.0,0.0
645,0.00011834304204967338,0.00011734265499399043,1.0003870841046591e-06,1.25,1.25,1.25,0.0,0.0,0.0
646,0.00011876114331244025,0.00011767810065066442,1.0830426901975443e-06,1.25,1.25,1.25,0.0,0.0,0.0
647,0.00011819486098829657,0.00011723070565494709,9.64155151450541e-07,1.25,1.25,1.25,0.0,0.0,0.0
648,0.00011799332714872435,0.00011714213433151599,8.511933629051782e-07,1.25,1.25,1.25,0.0,0.0,0.0
649,0.00011793058583862149,0.00011712265477399341,8.079314426368001e-07,1.25,1.25,1.25,0.0,0.0,0.0
650,0.00011798188352258876,0.00011715921864379198,8.226651488030256e-07,1.25,1.25,1.25,0.0,0.0,0.0
651,0.00011806267139036208,0.0001172008844150696,8.617871003480104e-07,1.25,1.25,1.25,0.0,0.0,0.0
652,0.00011796649778261781,0.00011710600992955733,8.604874039974675e-07,1.25,1.25,1.25,0.0,0.0,0.0
653,0.00011805236463260371,0.00011719248104782309,8.598827065497972e-07,1.25,1.25,1.25,0.0,0.0,0.0
654,0.00011783334193751215,0.00011702297269948758,8.10369562032065e-07,1.25,1.25,1.25,0.0,0.0,0.0
655,0.00011779630112869199,0.00011703878481057472,7.575166506512687e-07,1.25,1.25,1.25,0.0,0.0,0.0
656,0.00011769726224883926,0.00011693686647049618,7.603949228496276e-07,1.25,1.25,1.25,0.0,0.0,0.0
657,0.0001178323698695749,0.00011703610798576846,7.962617786461123e-07,1.25,1.25,1.25,0.0,0.0,0.0
658,0.00011776839201047551,0.00011698069865815342,7.876930510519741e-07,1.25,1.25,1.25,0.0,0.0,0.0
659,0.00011776418868976179,0.00011696032124746125,8.038678203092786e-07,1.25,1.25,1.25,0.0,0.0,0.0
660,0.00011781294888351113,0.0001169720351754222,8.409138388287829e-07,1.25,1.25,1.25,0.0,0.0,0.0
661,0.00011787842522608117,0.00011706026853062213,8.181566244047645e-07,1.25,1.25,1.25,0.0,0.0,0.0
662,0.00011768670083256438,0.00011690335159073584,7.833489831909902e-07,1.25,1.25,1.25,0.0,0.0,0.0
663,0.00011775396233133506,0.00011698997295752633,7.639887684263158e-07,1.25,1.25,1.25,0.0,0.0,0.0
664,0.00011773845144489315,0.00011696383917296771,7.74612044551759e-07,1.25,1.25,1.25,0.0,0.0,0.0
665,0.00011779746018873994,0.00011704878052114509,7.486795112754407e-07,1.25,1.25,1.25,0.0,0.0,0.0
666,0.00011797418119385839,0.00011724370160663966,7.304805876628962e-07,1.25,1.25,1.25,0.0,0.0,0.0
667,0.00011769790653488598,0.00011697309091687202,7.248161494999295e-07,1.25,1.25,1.25,0.0,0.0,0.0
668,0.00011778116095229052,0.00011704279022524133,7.383709743180589e-07,1.25,1.25,1.25,0.0,0.0,0.0
669,0.00011773650257964618,0.00011698705966409762,7.494427649135105e-07,1.25,1.25,1.25,0.0,0.0,0.0
670,0.00011773630358220543,0.00011693227097566705,8.040328907554794e-07,1.25,1.25,1.25,0.0,0.0,0.0
671,0.00011778989173762965,0.00011688504782796372,9.048440460901475e-07,1.25,1.25,1.25,0.0,0.0,0.0
672,0.00011797237966675312,0.00011709378559316974,8.785940366351497e-07,1.25,1.25,1.25,0.0,0.0,0.0
673,0.00011779406486311927,0.00011701058101607487,7.834834576669891e-07,1.25,1.25,1.25,0.0,0.0,0.0
674,0.00011780481654568575,0.0001169563111034222,8.485053939466525e-07,1.25,1.25,1.25,0.0,0.0,0.0
675,0.00011775484163081273,0.00011684037744998931,9.144636464952782e-07,1.25,1.25,1.25,0.0,0.0,0.0
676,0.000117729290650459,0.00011691471518133767,8.145764496703122e-07,1.25,1.25,1.25,0.0,0.0,0.0
677,0.00011781425237131771,0.00011701209405146074,8.021581749062534e-07,1.25,1.25,1.25,0.0,0.0,0.0
678,0.00011769828379328828,0.00011696446636051405,7.338177766769149e-07,1.25,1.25,1.25,0.0,0.0,0.0
679,0.00011757658321585041,0.00011687298610922881,7.03597240203635e-07,1.25,1.25,1.25,0.0,0.0,0.0
680,0.00011750325938919559,0.00011680593124765437,6.973277976385361e-07,1.25,1.25,1.25,0.0,0.0,0.0
681,0.00011754515217035077,0.00011680302741297055,7.421256214001914e-07,1.25,1.25,1.25,0.0,0.0,0.0
682,0.00011755950799852144,0.00011676940703182481,7.901011343847131e-07,1.25,1.25,1.25,0.0,0.0,0.0
683,0.00011765180897782557,0.00011686269826896022,7.89111311405577e-07,1.25,1.25,1.25,0.0,0.0,0.0
684,0.00011740833760995884,0.0001166940633993363,7.142743783106198e-07,1.25,1.25,1.25,0.0,0.0,0.0
685,0.00011753467260859907,0.00011686491743603255,6.69755311832887e-07,1.25,1.25,1.25,0.0,0.0,0.0
686,0.00011743953436962328,0.00011678124210448004,6.582929273690752e-07,1.25,1.25,1.25,0.0,0.0,0.0
687,0.00011750251142075285,0.00011680687784973998,6.956339490216123e-07,1.25,1.25,1.25,0.0,0.0,0.0
688,0.00011762191861635074,0.00011687295482261106,7.489639244795398e-07,1.25,1.25,1.25,0.0,0.0,0.0
689,0.00011764848641178105,0.00011692381667671725,7.246695275853199e-07,1.25,1.25,1.25,0.0,0.0,0.0
690,0.00011764405535359401,0.00011692208863678388,7.219674898806261e-07,1.25,1.25,1.25,0.0,0.0,0.0
691,0.00011769648372137454,0.00011695628709276206,7.401970776754751e-07,1.25,1.25,1.25,0.0,0.0,0.0
692,0.00011754127772292122,0.0001168086782854516,7.325996989493432e-07,1.25,1.25,1.25,0.0,0.0,0.0
693,0.00011742790302378125,0.0001167454152891878,6.824883769240842e-07,1.25,1.25,1.25,0.0,0.0,0.0
694,0.00011750017656595447,0.00011682445110636764,6.757250588407259e-07,1.25,1.25,1.25,0.0,0.0,0.0
695,0.00011754827391996514,0.00011687674123095348,6.715321831052279e-07,1.25,1.25,1.25,0.0,0.0,0.0
696,0.00011742530114133842,0.00011675603200274054,6.692700765142944e-07,1.25,1.25,1.25,0.0,0.0,0.0
697,0.00011750470439437777,0.00011680575044010766,6.989538633206394e-07,1.25,1.25,1.25,0.0,0.0,0.0
698,0.00011761377500079107,0.00011690167630149518,7.120987788766797e-07,1.25,1.25,1.25,0.0,0.0,0.0
699,0.00011750180565286427,0.00011681191681418568,6.898884919337433e-07,1.25,1.25,1.25,0.0,0.0,0.0
700,0.00011759955050365534,0.00011690556930261664,6.939809054529178e-07,1.25,1.25,1.25,0.0,0.0,0.0
701,0.00011756728126783855,0.00011691763647831976,6.49644314876241e-07,1.25,1.25,1.25,0.0,0.0,0.0
702,0.00011744349139917177,0.0001167967180663254,6.467728951520257e-07,1.25,1.25,1.25,0.0,0.0,0.0
703,0.00011740282861865126,0.0001167172595160082,6.85568335256903e-07,1.25,1.25,1.25,0.0,0.0,0.0
704,0.00011741070920834318,0.00011670747990137898,7.032290966435539e-07,1.25,1.25,1.25,0.0,0.0,0.0
705,0.000117406595745706,0.00011675534260575659,6.51253472483404e-07,1.25,1.25,1.25,0.0,0.0,0.0
706,0.00011723383177013602,0.000116600524779642,6.333063254260196e-07,1.25,1.25,1.25,0.0,0.0,0.0
707,0.00011736066990124528,0.00011673716035147663,6.23509478714368e-07,1.25,1.25,1.25,0.0,0.0,0.0
708,0.00011736906672012992,0.00011672846776491496,6.405992820646134e-07,1.25,1.25,1.25,0.0,0.0,0.0
709,0.00011727974015229847,0.0001166398826171644,6.398573873411805e-07,1.25,1.25,1.25,0.0,0.0,0.0
710,0.00011736329179257154,0.00011673717381199822,6.261186200617885e-07,1.25,1.25,1.25,0.0,0.0,0.0
711,0.00011730693986464758,0.0001166640573501354,6.42882633883346e-07,1.25,1.25,1.25,0.0,0.0,0.0
712,0.00011746956297429279,0.00011682120093610137,6.483614498620227e-07,1.25,1.25,1.25,0.0,0.0,0.0
713,0.00011734485233318991,0.00011668908009596635,6.557722770139663e-07,1.25,1.25,1.25,0.0,0.0,0.0
714,0.00011737229688151274,0.00011675171590468381,6.205812212556339e-07,1.25,1.25,1.25,0.0,0.0,0.0
715,0.00011724998985300772,0.00011668201150314417,5.679785374468338e-07,1.25,1.25,1.25,0.0,0.0,0.0
716,0.0001170508039649576,0.0001164878936833702,5.6291033558864e-07,1.25,1.25,1.25,0.0,0.0,0.0
717,0.00011703616437443997,0.00011646844650385902,5.677181349028615e-07,1.25,1.25,1.25,0.0,0.0,0.0
718,0.00011717822344508022,0.00011661198041110766,5.662432556619023e-07,1.25,1.25,1.25,0.0,0.0,0.0
719,0.00011720152288035024,0.00011660418676910922,5.973360714506271e-07,1.25,1.25,1.25,0.0,0.0,0.0
720,0.00011733833562175278,0.00011674905908876099,5.892776101745767e-07,1.25,1.25,1.25,0.0,0.0,0.0
721,0.0001171925978269428,0.00011659235206025187,6.002459400633597e-07,1.25,1.25,1.25,0.0,0.0,0.0
722,0.00011717097404471133,0.00011658568073471542,5.852932304151182e-07,1.25,1.25,1.25,0.0,0.0,0.0
723,0.00011709211503330152,0.00011650557389657479,5.865410400929249e-07,1.25,1.25,1.25,0.0,0.0,0.0
724,0.00011704154348990414,0.00011646597085928079,5.755728182066377e-07,1.25,1.25,1.25,0.0,0.0,0.0
725,0.00011708172605722212,0.00011653336769086309,5.4835807929976e-07,1.25,1.25,1.25,0.0,0.0,0.0
726,0.00011707541598298122,0.00011655148045974784,5.239359879283256e-07,1.25,1.25,1.25,0.0,0.0,0.0
727,0.00011717316119757016,0.00011663779259833973,5.353676812092089e-07,1.25,1.25,1.25,0.0,0.0,0.0
728,0.00011720636866812129,0.00011666359023365658,5.427779370847929e-07,1.25,1.25,1.25,0.0,0.0,0.0
729,0.00011727314631571062,0.00011670107014651875,5.720761606653468e-07,1.25,1.25,1.25,0.0,0.0,0.0
730,0.0001171986590634333,0.0001166312078566989,5.674507832509335e-07,1.25,1.25,1.25,0.0,0.0,0.0
731,0.00011715548462234437,0.00011658530565910042,5.701785227074652e-07,1.25,1.25,1.25,0.0,0.0,0.0
732,0.0001171468433312839,0.0001165958779893117,5.509659274594014e-07,1.25,1.25,1.25,0.0,0.0,0.0
733,0.00011707793528330513,0.00011653798101178836,5.399536945560612e-07,1.25,1.25,1.25,0.0,0.0,0.0
734,0.0001172745836811373,0.00011671310057863593,5.614825738575746e-07,1.25,1.25,1.25,0.0,0.0,0.0
735,0.00011714067586581223,0.00011659053488983772,5.501405183849783e-07,1.25,1.25,1.25,0.0,0.0,0.0
736,0.00011712948835338466,0.0001165847646916518,5.447240624789629e-07,1.25,1.25,1.25,0.0,0.0,0.0
737,0.00011713524072547443,0.00011660162563202903,5.336156334578845e-07,1.25,1.25,1.25,0.0,0.0,0.0
738,0.00011707451376423706,0.00011652820285235066,5.463110909431634e-07,1.25,1.25,1.25,0.0,0.0,0.0
739,0.00011698546404659282,0.00011644610531220678,5.393593554003928e-07,1.25,1.25,1.25,0.0,0.0,0.0
740,0.0001169960989500396,0.00011645643062365706,5.396687839720471e-07,1.25,1.25,1.25,0.0,0.0,0.0
741,0.00011691606741806026,0.00011637600364338141,5.400634762509071e-07,1.25,1.25,1.25,0.0,0.0,0.0
742,0.00011695106950355693,0.00011640929005807266,5.417797225959476e-07,1.25,1.25,1.25,0.0,0.0,0.0
743,0.00011704398530127946,0.0001164898079878185,5.541780382145589e-07,1.25,1.25,1.25,0.0,0.0,0.0
744,0.00011705598408298101,0.00011650001179077662,5.559726616866101e-07,1.25,1.25,1.25,0.0,0.0,0.0
745,0.00011708128004102036,0.00011655468479148113,5.265953944899593e-07,1.25,1.25,1.25,0.0,0.0,0.0
746,0.0001170709674624959,0.00011656467177090235,5.062956859092083e-07,1.25,1.25,1.25,0.0,0.0,0.0
747,0.00011700619688781444,0.00011649529988062568,5.108966931288706e-07,1.25,1.25,1.25,0.0,0.0,0.0
748,0.00011690039864333812,0.00011640168595477008,4.987120590271843e-07,1.25,1.25,1.25,0.0,0.0,0.0
749,0.00011692369080265052,0.00011644382975646294,4.798609197109726e-07,1.25,1.25,1.25,0.0,0.0,0.0
750,0.00011703486488841008,0.0001165536425105529,4.812229619233221e-07,1.25,1.25,1.25,0.0,0.0,0.0
751,0.00011705873257596977,0.00011655075504677371,5.079775434069233e-07,1.25,1.25,1.25,0.0,0.0,0.0
752,0.0001170345440186793,0.0001164961122412933,5.384309503142503e-07,1.25,1.25,1.25,0.0,0.0,0.0
753,0.00011709837890521158,0.00011653193723759614,5.664423795792572e-07,1.25,1.25,1.25,0.0,0.0,0.0
754,0.00011695209286699537,0.00011645168669929262,5.004069066671946e-07,1.25,1.25,1.25,0.0,0.0,0.0
755,0.00011708531274052802,0.00011660091186058708,4.844007747806245e-07,1.25,1.25,1.25,0.0,0.0,0.0
756,0.00011683697593980468,0.00011636445124167949,4.7252467823000187e-07,1.25,1.25,1.25,0.0,0.0,0.0
757,0.0001168531751318369,0.00011637145616987255,4.817189605432759e-07,1.25,1.25,1.25,0.0,0.0,0.0
758,0.00011691613763105124,0.00011645276426861529,4.6337303558630085e-07,1.25,1.25,1.25,0.0,0.0,0.0
759,0.00011690372084558476,0.00011643470170383808,4.6901948422828357e-07,1.25,1.25,1.25,0.0,0.0,0.0
760,0.000116766527571599,0.00011630769549810793,4.5883237334010116e-07,1.25,1.25,1.25,0.0,0.0,0.0
761,0.0001167485610494623,0.00011629142973106355,4.5713131697766584e-07,1.25,1.25,1.25,0.0,0.0,0.0
762,0.00011687895348586608,0.00011639277181529906,4.861829168589793e-07,1.25,1.25,1.25,0.0,0.0,0.0
763,0.00011686226025631186,0.00011639347103482578,4.6878848536380247e-07,1.25,1.25,1.25,0.0,0.0,0.0
764,0.00011685581048368477,0.00011639009753707796,4.657124364371157e-07,1.25,1.25,1.25,0.0,0.0,0.0
765,0.00011678937698889058,0.00011633926405920647,4.501123086697589e-07,1.25,1.25,1.25,0.0,0.0,0.0
766,0.00011694838322000578,0.00011651469321805052,4.336896509471444e-07,1.25,1.25,1.25,0.0,0.0,0.0
767,0.00011675032183120493,0.00011630355074885302,4.467713239364457e-07,1.25,1.25,1.25,0.0,0.0,0.0
768,0.00011671968131850008,0.00011627541134657804,4.442702916662711e-07,1.25,1.25,1.25,0.0,0.0,0.0
769,0.00011680823627102654,0.00011635686132649425,4.5137525717109384e-07,1.25,1.25,1.25,0.0,0.0,0.0
770,0.00011684786331898068,0.00011638397518254351,4.6388856276280423e-07,1.25,1.25,1.25,0.0,0.0,0.0
771,0.0001167687678389484,0.0001163234901468968,4.452765836049366e-07,1.25,1.25,1.25,0.0,0.0,0.0
772,0.00011674454071908258,0.0001163051179901231,4.3942221736870126e-07,1.25,1.25,1.25,0.0,0.0,0.0
773,0.0001168793191027362,0.00011643799480225425,4.413244326428867e-07,1.25,1.25,1.25,0.0,0.0,0.0
774,0.00011687997102853842,0.00011641105920716655,4.6891176594954234e-07,1.25,1.25,1.25,0.0,0.0,0.0
775,0.00011673049993987661,0.00011626131818047725,4.6918242162519165e-07,1.25,1.25,1.25,0.0,0.0,0.0
776,0.00011663907789625228,0.00011617749332799576,4.615840566657425e-07,1.25,1.25,1.25,0.0,0.0,0.0
777,0.00011686763718898874,0.00011640666671155486,4.609709066016876e-07,1.25,1.25,1.25,0.0,0.0,0.0
778,0.00011682396107062231,0.00011638009345915634,4.438672789319753e-07,1.25,1.25,1.25,0.0,0.0,0.0
779,0.00011680124916892964,0.00011636223280220293,4.3901633546283846e-07,1.25,1.25,1.25,0.0,0.0,0.0
780,0.00011681239484460094,0.00011636420713330153,4.48187762458474e-07,1.25,1.25,1.25,0.0,0.0,0.0
781,0.00011681768191920127,0.0001163707649538992,4.469169212484303e-07,1.25,1.25,1.25,0.0,0.0,0.0
782,0.00011672247310343665,0.0001162862237833906,4.3624937546837826e-07,1.25,1.25,1.25,0.0,0.0,0.0
783,0.00011682998265314382,0.00011639556469162926,4.344179728832387e-07,1.25,1.25,1.25,0.0,0.0,0.0
784,0.00011673704393615481,0.00011629800137598067,4.390418226307702e-07,1.25,1.25,1.25,0.0,0.0,0.0
785,0.00011668134648061823,0.000116255670945975,4.256759964960111e-07,1.25,1.25,1.25,0.0,0.0,0.0
786,0.00011652653665805701,0.00011610673391260207,4.1980248113304695e-07,1.25,1.25,1.25,0.0,0.0,0.0
787,0.00011677688526106067,0.00011634734728431795,4.2953767405151665e-07,1.25,1.25,1.25,0.0,0.0,0.0
788,0.00011673872177198064,0.00011631242705334444,4.262953183342688e-07,1.25,1.25,1.25,0.0,0.0,0.0
789,0.00011674582056002692,0.00011629926702880767,4.4655361932655067e-07,1.25,1.25,1.25,0.0,0.0,0.0
790,0.00011681330142891966,0.00011635599767032546,4.5730408260169497e-07,1.25,1.25,1.25,0.0,0.0,0.0
791,0.00011668608603940812,0.00011625803672359325,4.2804834805565405e-07,1.25,1.25,1.25,0.0,0.0,0.0
792,0.0001167919035651721,0.00011637713432719466,4.147698518863763e-07,1.25,1.25,1.25,0.0,0.0,0.0
793,0.00011669288251141552,0.00011626226914813742,4.306141832444155e-07,1.25,1.25,1.25,0.0,0.0,0.0
794,0.0001166914855275536,0.00011628129941527731,4.1018609664433825e-07,1.25,1.25,1.25,0.0,0.0,0.0
795,0.00011663558434520383,0.0001162236076197587,4.119772526678389e-07,1.25,1.25,1.25,0.0,0.0,0.0
796,0.00011656543101707939,0.00011616050069278572,4.049307108289213e-07,1.25,1.25,1.25,0.0,0.0,0.0
797,0.00011668596416711808,0.0001162878284958424,3.98134640988701e-07,1.25,1.25,1.25,0.0,0.0,0.0
798,0.00011666399077512324,0.00011626150735537522,4.0248315542612544e-07,1.25,1.25,1.25,0.0,0.0,0.0
799,0.00011657435206871014,0.0001161720952950418,4.022572142048375e-07,1.25,1.25,1.25,0.0,0.0,0.0
800,0.0001165465648227837,0.0001161444881290663,4.020773019419721e-07,1.25,1.25,1.25,0.0,0.0,0.0
801,0.00011668440856738016,0.00011628644206211902,3.9796699695671124e-07,1.25,1.25,1.25,0.0,0.0,0.0
802,0.00011669496416288894,0.00011630719855020289,3.877653895756339e-07,1.25,1.25,1.25,0.0,0.0,0.0
803,0.00011661625976557843,0.0001162167278380366,3.9953239507894975e-07,1.25,1.25,1.25,0.0,0.0,0.0
804,0.00011652793291432318,0.00011613515889621339,3.927736784703484e-07,1.25,1.25,1.25,0.0,0.0,0.0
805,0.0001167257309134584,0.00011631568922894075,4.1004180530990195e-07,1.25,1.25,1.25,0.0,0.0,0.0
806,0.00011663965051411651,0.00011623379614320584,4.058540781670672e-07,1.25,1.25,1.25,0.0,0.0,0.0
807,0.00011663773620966822,0.00011622596612141934,4.1177011382842467e-07,1.25,1.25,1.25,0.0,0.0,0.0
808,0.00011647186365735252,0.00011605929503275548,4.1256820821899963e-07,1.25,1.25,1.25,0.0,0.0,0.0
809,0.00011674998349917587,0.0001163489851023769,4.009982191632844e-07,1.25,1.25,1.25,0.0,0.0,0.0
810,0.0001167264399555279,0.00011633207213890273,3.9436726240182907e-07,1.25,1.25,1.25,0.0,0.0,0.0
811,0.00011653152214421424,0.00011614855939114931,3.829623665296822e-07,1.25,1.25,1.25,0.0,0.0,0.0
812,0.00011652852772385814,0.0001161290070740506,3.995203755380317e-07,1.25,1.25,1.25,0.0,0.0,0.0
813,0.00011652556240733247,0.00011613102724368218,3.9453462363781e-07,1.25,1.25,1.25,0.0,0.0,0.0
814,0.00011665934616758022,0.00011626068335317541,3.986637040043206e-07,1.25,1.25,1.25,0.0,0.0,0.0
815,0.00011658835937851108,0.00011621222984103952,3.761299112170491e-07,1.25,1.25,1.25,0.0,0.0,0.0
816,0.00011672457148961257,0.00011635151859081815,3.73053303803772e-07,1.25,1.25,1.25,0.0,0.0,0.0
817,0.00011656320020847488,0.00011616858027991838,3.9461929759454504e-07,1.25,1.25,1.25,0.0,0.0,0.0
818,0.00011657874820230063,0.00011619614051596727,3.8260738790540925e-07,1.25,1.25,1.25,0.0,0.0,0.0
819,0.00011667502694763243,0.00011628995489445514,3.8507288167011213e-07,1.25,1.25,1.25,0.0,0.0,0.0
820,0.00011663904842862394,0.00011625763399933931,3.814147177649829e-07,1.25,1.25,1.25,0.0,0.0,0.0
821,0.00011653041074168868,0.00011615409821388311,3.763127622846696e-07,1.25,1.25,1.25,0.0,0.0,0.0
822,0.00011654216941678897,0.00011615848998189904,3.836795443135088e-07,1.25,1.25,1.25,0.0,0.0,0.0
823,0.00011659303854685276,0.00011621675475907978,3.762838659326917e-07,1.25,1.25,1.25,0.0,0.0,0.0
824,0.0001164942113973666,0.00011611724039539695,3.7697107018175303e-07,1.25,1.25,1.25,0.0,0.0,0.0
825,0.0001164972891274374,0.00011612228736339603,3.7500118708067023e-07,1.25,1.25,1.25,0.0,0.0,0.0
826,0.00011665509773592931,0.00011628899555944372,3.6610257296842975e-07,1.25,1.25,1.25,0.0,0.0,0.0
827,0.00011656919632514473,0.0001161903976026224,3.7879785992345204e-07,1.25,1.25,1.25,0.0,0.0,0.0
828,0.00011659680167213083,0.00011621840385487304,3.783975159876718e-07,1.25,1.25,1.25,0.0,0.0,0.0
829,0.0001164869205240393,0.00011610562723944895,3.8129313963963794e-07,1.25,1.25,1.25,0.0,0.0,0.0
830,0.00011656177739496342,0.00011619001597864553,3.7176232012825496e-07,1.25,1.25,1.25,0.0,0.0,0.0
831,0.00011644824771792628,0.00011608608110691421,3.621665456421397e-07,1.25,1.25,1.25,0.0,0.0,0.0
832,0.00011651588320091833,0.00011614807954174466,3.678040783938741e-07,1.25,1.25,1.25,0.0,0.0,0.0
833,0.00011642748540907633,0.00011606928601395338,3.5819945480852767e-07,1.25,1.25,1.25,0.0,0.0,0.0
834,0.00011649397056316957,0.00011612743001023773,3.6654009107905947e-07,1.25,1.25,1.25,0.0,0.0,0.0
835,0.0001164792753115762,0.00011612630951276514,3.529659792889106e-07,1.25,1.25,1.25,0.0,0.0,0.0
836,0.00011640822158369702,0.00011605088329815771,3.5733747552058046e-07,1.25,1.25,1.25,0.0,0.0,0.0
837,0.00011640884004009422,0.0001160535503004212,3.5529037205606074e-07,1.25,1.25,1.25,0.0,0.0,0.0
838,0.00011640436168818269,0.00011605728577706032,3.4707520626398034e-07,1.25,1.25,1.25,0.0,0.0,0.0
839,0.0001166495476354612,0.00011630948138190434,3.400658997065875e-07,1.25,1.25,1.25,0.0,0.0,0.0
840,0.00011655993766908068,0.00011620124205364845,3.5869536247901123e-07,1.25,1.25,1.25,0.0,0.0,0.0
841,0.00011642567515082191,0.00011607120904955082,3.544658284226898e-07,1.25,1.25,1.25,0.0,0.0,0.0
842,0.0001163824403192848,0.00011601126279856545,3.7117803799446845e-07,1.25,1.25,1.25,0.0,0.0,0.0
843,0.00011655270100163762,0.00011618988319241907,3.6281820996464377e-07,1.25,1.25,1.25,0.0,0.0,0.0
844,0.00011666536229313352,0.00011629579166765325,3.69570371105965e-07,1.25,1.25,1.25,0.0,0.0,0.0
845,0.00011650948617898393,0.00011615497642196715,3.545102885027518e-07,1.25,1.25,1.25,0.0,0.0,0.0
846,0.0001165151934401365,0.00011616748379310593,3.477094722370566e-07,1.25,1.25,1.25,0.0,0.0,0.0
847,0.00011643206416920294,0.00011609019966272172,3.4186412420922354e-07,1.25,1.25,1.25,0.0,0.0,0.0
848,0.00011649810876406264,0.00011615275325311813,3.4535571700189396e-07,1.25,1.25,1.25,0.0,0.0,0.0
849,0.00011655948219413403,0.00011621094854490366,3.485339007625043e-07,1.25,1.25,1.25,0.0,0.0,0.0
850,0.00011631311281234957,0.0001159624142019311,3.506990026380663e-07,1.25,1.25,1.25,0.0,0.0,0.0
851,0.0001164020191936288,0.00011605651961872354,3.4549989322840704e-07,1.25,1.25,1.25,0.0,0.0,0.0
852,0.00011643820544122718,0.00011610753608692903,3.3066921361069036e-07,1.25,1.25,1.25,0.0,0.0,0.0
853,0.00011642219142231625,0.00011607888591242954,3.4330555251926855e-07,1.25,1.25,1.25,0.0,0.0,0.0
854,0.00011634932052402291,0.00011601121805142612,3.381024015425282e-07,1.25,1.25,1.25,0.0,0.0,0.0
855,0.00011643913130683358,0.0001161000349384267,3.3909605150483913e-07,1.25,1.25,1.25,0.0,0.0,0.0
856,0.00011634895163297188,0.00011602035592659377,3.2859598064760576e-07,1.25,1.25,1.25,0.0,0.0,0.0
857,0.00011644818951026537,0.00011612142261583359,3.267674216544947e-07,1.25,1.25,1.25,0.0,0.0,0.0
858,0.0001164720957604004,0.00011614990835369099,3.221878060344352e-07,1.25,1.25,1.25,0.0,0.0,0.0
859,0.0001164909223007271,0.00011616049196163658,3.304305380424921e-07,1.25,1.25,1.25,0.0,0.0,0.0
860,0.00011626970663201064,0.00011593445597100072,3.352507206955124e-07,1.25,1.25,1.25,0.0,0.0,0.0
861,0.00011638143660093192,0.00011605317740759347,3.2825859079821386e-07,1.25,1.25,1.25,0.0,0.0,0.0
862,0.00011645322520053014,0.00011613318893068935,3.200358392518865e-07,1.25,1.25,1.25,0.0,0.0,0.0
863,0.00011631582892732695,0.00011597773773246445,3.380920446716118e-07,1.25,1.25,1.25,0.0,0.0,0.0
864,0.00011639797157840804,0.0001160643543698825,3.336175751655901e-07,1.25,1.25,1.25,0.0,0.0,0.0
865,0.00011638998075795826,0.0001160585496108979,3.3143104758437405e-07,1.25,1.25,1.25,0.0,0.0,0.0
866,0.0001163700784672983,0.00011603753991948907,3.3253827353973974e-07,1.25,1.25,1.25,0.0,0.0,0.0
867,0.00011637114293989725,0.00011604396167967934,3.271803024063047e-07,1.25,1.25,1.25,0.0,0.0,0.0
868,0.00011642150348052382,0.00011609514403971843,3.263591835889201e-07,1.25,1.25,1.25,0.0,0.0,0.0
869,0.00011651167842501309,0.00011619411743595265,3.175610416406016e-07,1.25,1.25,1.25,0.0,0.0,0.0
870,0.00011633719586825463,0.00011601434089243412,3.2285497013617715e-07,1.25,1.25,1.25,0.0,0.0,0.0
871,0.00011638210926321336,0.00011606025291257537,3.2185531466666363e-07,1.25,1.25,1.25,0.0,0.0,0.0
872,0.00011646174680208787,0.00011613789793045726,3.2384871246904367e-07,1.25,1.25,1.25,0.0,0.0,0.0
873,0.00011647234823612962,0.00011615243565756827,3.1991256861374494e-07,1.25,1.25,1.25,0.0,0.0,0.0
874,0.00011636981507763266,0.0001160538573458325,3.1595779148574366e-07,1.25,1.25,1.25,0.0,0.0,0.0
875,0.00011645361155387945,0.00011613339775067289,3.2021327314168955e-07,1.25,1.25,1.25,0.0,0.0,0.0
876,0.00011644373698800336,0.00011611947775236331,3.2425988223394596e-07,1.25,1.25,1.25,0.0,0.0,0.0
877,0.00011644836595223751,0.00011613032693276182,3.180391715318365e-07,1.25,1.25,1.25,0.0,0.0,0.0
878,0.0001164453809906263,0.00011611953377723693,3.2584764824150626e-07,1.25,1.25,1.25,0.0,0.0,0.0
879,0.00011645172380667646,0.00011612600828811993,3.2571534944736415e-07,1.25,1.25,1.25,0.0,0.0,0.0
880,0.00011637142706604209,0.00011605620748014189,3.1521970100811814e-07,1.25,1.25,1.25,0.0,0.0,0.0
881,0.00011625397382886149,0.0001159375868155621,3.1638784889764795e-07,1.25,1.25,1.25,0.0,0.0,0.0
882,0.00011639025360636879,0.00011607575543166604,3.1449775974579095e-07,1.25,1.25,1.25,0.0,0.0,0.0
883,0.00011628943284449633,0.00011598029341257643,3.091397886123559e-07,1.25,1.25,1.25,0.0,0.0,0.0
884,0.0001162844830105314,0.00011597448865359183,3.0999387519159426e-07,1.25,1.25,1.25,0.0,0.0,0.0
885,0.00011637751849775668,0.00011606664811552037,3.1087039360500056e-07,1.25,1.25,1.25,0.0,0.0,0.0
886,0.000116344029083848,0.00011603273997025098,3.1128953423831265e-07,1.25,1.25,1.25,0.0,0.0,0.0
887,0.00011634475304163061,0.00011604099854594097,3.037540409422945e-07,1.25,1.25,1.25,0.0,0.0,0.0
888,0.00011638462201517541,0.0001160734685981879,3.111538987354834e-07,1.25,1.25,1.25,0.0,0.0,0.0
889,0.00011634590628091246,0.00011603079474298283,3.151112139221368e-07,1.25,1.25,1.25,0.0,0.0,0.0
890,0.00011644412261375691,0.00011612638882070314,3.1773323314610027e-07,1.25,1.25,1.25,0.0,0.0,0.0
891,0.0001164196160971187,0.00011610290821408852,3.1670823688045855e-07,1.25,1.25,1.25,0.0,0.0,0.0
892,0.00011631953566393349,0.00011600265388551634,3.1688120998296655e-07,1.25,1.25,1.25,0.0,0.0,0.0
893,0.00011622094534686766,0.00011591485163080506,3.060936407450754e-07,1.25,1.25,1.25,0.0,0.0,0.0
894,0.00011634225957095623,0.00011603816237766295,3.040974064560942e-07,1.25,1.25,1.25,0.0,0.0,0.0
895,0.00011634527691057883,0.0001160412979515968,3.0397945920412895e-07,1.25,1.25,1.25,0.0,0.0,0.0
896,0.00011632379064394627,0.00011602526683418546,2.9852412808395457e-07,1.25,1.25,1.25,0.0,0.0,0.0
897,0.00011627567910181824,0.00011597137272474356,3.0430641118073254e-07,1.25,1.25,1.25,0.0,0.0,0.0
898,0.00011632291934802197,0.00011602336999203545,2.9954923945751944e-07,1.25,1.25,1.25,0.0,0.0,0.0
899,0.00011637576899374835,0.00011606573207245674,3.100369411868087e-07,1.25,1.25,1.25,0.0,0.0,0.0
900,0.00011627601998043247,0.00011597476332099177,3.0125727192853444e-07,1.25,1.25,1.25,0.0,0.0,0.0
901,0.00011620810437307227,0.00011589969581109472,3.084090280935925e-07,1.25,1.25,1.25,0.0,0.0,0.0
902,0.00011640164120763075,0.00011610203546297271,2.99605048326157e-07,1.25,1.25,1.25,0.0,0.0,0.0
903,0.00011622589081525803,0.00011591180991672445,3.1408093832396843e-07,1.25,1.25,1.25,0.0,0.0,0.0
904,0.00011622698766586837,0.00011591254115046467,3.144461672377474e-07,1.25,1.25,1.25,0.0,0.0,0.0
905,0.0001163086653832579,0.0001160054627689533,3.03202371298994e-07,1.25,1.25,1.25,0.0,0.0,0.0
906,0.00011622993952187244,0.00011592934133659582,3.005980829584587e-07,1.25,1.25,1.25,0.0,0.0,0.0
907,0.00011631921261141542,0.00011601969381445088,2.99518750068728e-07,1.25,1.25,1.25,0.0,0.0,0.0
908,0.00011646169259620365,0.00011614878276304808,3.129101386889488e-07,1.25,1.25,1.25,0.0,0.0,0.0
909,0.0001163341319625033,0.00011603271377680358,3.014179057458932e-07,1.25,1.25,1.25,0.0,0.0,0.0
910,0.0001161704698461108,0.00011586427863221615,3.061911641566439e-07,1.25,1.25,1.25,0.0,0.0,0.0
911,0.00011621475387073588,0.00011592033079068642,2.944229294143952e-07,1.25,1.25,1.25,0.0,0.0,0.0
912,0.00011621721496339888,0.0001159128914878238,3.0432359636733964e-07,1.25,1.25,1.25,0.0,0.0,0.0
913,0.00011647185856418218,0.00011617361960816197,2.9823902139014533e-07,1.25,1.25,1.25,0.0,0.0,0.0
914,0.00011632514688244555,0.00011601685109781101,3.082953398347854e-07,1.25,1.25,1.25,0.0,0.0,0.0
915,0.0001164147808594862,0.00011610399451456033,3.1078589444177853e-07,1.25,1.25,1.25,0.0,0.0,0.0
916,0.0001162511562142754,0.00011595778996706941,2.933659047243964e-07,1.25,1.25,1.25,0.0,0.0,0.0
917,0.0001163424243713962,0.0001160451676696539,2.9725713801553866e-07,1.25,1.25,1.25,0.0,0.0,0.0
918,0.00011624916260188911,0.0001159506464318838,2.985163078506048e-07,1.25,1.25,1.25,0.0,0.0,0.0
919,0.00011623206955846399,0.00011593423514568712,2.978345804649507e-07,1.25,1.25,1.25,0.0,0.0,0.0
920,0.00011633363064902368,0.000116038555643172,2.95074855216626e-07,1.25,1.25,1.25,0.0,0.0,0.0
921,0.00011624255057540722,0.0001159446022938937,2.979485415721683e-07,1.25,1.25,1.25,0.0,0.0,0.0
922,0.00011619399119808805,0.00011589635796553921,2.976333163928757e-07,1.25,1.25,1.25,0.0,0.0,0.0
923,0.00011634255715762266,0.0001160484433057718,2.9411432080905795e-07,1.25,1.25,1.25,0.0,0.0,0.0
924,0.00011622126185102388,0.00011593253911996726,2.8872206740970797e-07,1.25,1.25,1.25,0.0,0.0,0.0
925,0.00011630738408712205,0.00011601539699768182,2.9198646132044816e-07,1.25,1.25,1.25,0.0,0.0,0.0
926,0.00011635726077656728,0.00011606869957176968,2.88561444961033e-07,1.25,1.25,1.25,0.0,0.0,0.0
927,0.00011622813253779896,0.00011594199277169537,2.861400929532465e-07,1.25,1.25,1.25,0.0,0.0,0.0
928,0.00011633338654064574,0.00011603810817177873,2.9527715952326614e-07,1.25,1.25,1.25,0.0,0.0,0.0
929,0.00011633508656814229,0.0001160419578809524,2.9312867013686625e-07,1.25,1.25,1.25,0.0,0.0,0.0
930,0.00011625919396465178,0.00011596918411669322,2.900105272374276e-07,1.25,1.25,1.25,0.0,0.0,0.0
931,0.00011625923361862079,0.00011597170087043195,2.875325520790284e-07,1.25,1.25,1.25,0.0,0.0,0.0
932,0.00011616361043707002,0.00011587663429963868,2.869772075086985e-07,1.25,1.25,1.25,0.0,0.0,0.0
933,0.00011633379581326153,0.00011605061554291752,2.8318072935462625e-07,1.25,1.25,1.25,0.0,0.0,0.0
934,0.00011628540378296747,0.00011600332509260624,2.8207779578792724e-07,1.25,1.25,1.25,0.0,0.0,0.0
935,0.00011617518030107021,0.0001158900329755852,2.8514738090734684e-07,1.25,1.25,1.25,0.0,0.0,0.0
936,0.00011626550840446726,0.00011598250348470174,2.8300435417349945e-07,1.25,1.25,1.25,0.0,0.0,0.0
937,0.00011631063935055864,0.00011602262748056091,2.880116227288454e-07,1.25,1.25,1.25,0.0,0.0,0.0
938,0.00011622582751442678,0.00011594614334171638,2.7968387570354027e-07,1.25,1.25,1.25,0.0,0.0,0.0
939,0.0001162944572570268,0.00011600834877754096,2.8610791105165843e-07,1.25,1.25,1.25,0.0,0.0,0.0
940,0.0001162581113021588,0.00011597423108469229,2.838799275650672e-07,1.25,1.25,1.25,0.0,0.0,0.0
941,0.00011619439865171444,0.0001159062023361912,2.881962743117583e-07,1.25,1.25,1.25,0.0,0.0,0.0
942,0.00011635662776825484,0.00011606606713030488,2.905602023872689e-07,1.25,1.25,1.25,0.0,0.0,0.0
943,0.00011627103158389218,0.00011598195196711458,2.8907938656175245e-07,1.25,1.25,1.25,0.0,0.0,0.0
944,0.00011642446588666644,0.00011613846036198083,2.8600601567063675e-07,1.25,1.25,1.25,0.0,0.0,0.0
945,0.00011619550532486756,0.0001159107112471247,2.8479417579774235e-07,1.25,1.25,1.25,0.0,0.0,0.0
946,0.00011630703993432689,0.00011601779842749239,2.89241903317361e-07,1.25,1.25,1.25,0.0,0.0,0.0
947,0.00011616587908065412,0.00011588276174734347,2.8311744273423754e-07,1.25,1.25,1.25,0.0,0.0,0.0
948,0.000116178703319747,0.00011589821733650751,2.8048636124822224e-07,1.25,1.25,1.25,0.0,0.0,0.0
949,0.00011626777959463652,0.000115989840196562,2.779396851337879e-07,1.25,1.25,1.25,0.0,0.0,0.0
950,0.00011623107675404754,0.00011595418109209277,2.7689539905395577e-07,1.25,1.25,1.25,0.0,0.0,0.0
951,0.00011610285000642761,0.00011582332554098685,2.795248434495079e-07,1.25,1.25,1.25,0.0,0.0,0.0
952,0.00011625195038504899,0.00011597439370234497,2.775570820290341e-07,1.25,1.25,1.25,0.0,0.0,0.0
953,0.00011618506105151027,0.00011590226677071769,2.827937422011928e-07,1.25,1.25,1.25,0.0,0.0,0.0
954,0.0001161761101684533,0.00011589294008444995,2.831705614880775e-07,1.25,1.25,1.25,0.0,0.0,0.0
955,0.00011626814448391087,0.00011598485543800053,2.832897337157192e-07,1.25,1.25,1.25,0.0,0.0,0.0
956,0.00011627496751316357,0.00011598530727496836,2.896601799307064e-07,1.25,1.25,1.25,0.0,0.0,0.0
957,0.00011635126575129106,0.00011607006235863082,2.812031603127707e-07,1.25,1.25,1.25,0.0,0.0,0.0
958,0.00011622302044997924,0.00011594651768973563,2.765034679441669e-07,1.25,1.25,1.25,0.0,0.0,0.0
959,0.00011636137751338537,0.00011608189815888181,2.794788969140427e-07,1.25,1.25,1.25,0.0,0.0,0.0
960,0.00011633940011961386,0.0001160584328317782,2.8096769852936634e-07,1.25,1.25,1.25,0.0,0.0,0.0
961,0.00011629992513917387,0.0001160240892204456,2.7583524797591963e-07,1.25,1.25,1.25,0.0,0.0,0.0
962,0.00011624758080870378,0.000115968318641535,2.792619213209946e-07,1.25,1.25,1.25,0.0,0.0,0.0
963,0.00011619803044595755,0.00011592169357754756,2.763366367730669e-07,1.25,1.25,1.25,0.0,0.0,0.0
964,0.00011616695155680645,0.00011589169589569792,2.752554465246249e-07,1.25,1.25,1.25,0.0,0.0,0.0
965,0.00011618239259405527,0.00011589458263188135,2.878104197634457e-07,1.25,1.25,1.25,0.0,0.0,0.0
966,0.00011608255408646073,0.00011580176105780992,2.807931437587285e-07,1.25,1.25,1.25,0.0,0.0,0.0
967,0.00011625246588664595,0.00011596701297094114,2.8545315586825384e-07,1.25,1.25,1.25,0.0,0.0,0.0
968,0.00011617661693890114,0.00011589680289034732,2.7981395831488955e-07,1.25,1.25,1.25,0.0,0.0,0.0
969,0.00011628674365056213,0.00011600815305428114,2.785905380164877e-07,1.25,1.25,1.25,0.0,0.0,0.0
970,0.00011619660654105246,0.00011592240771278739,2.741979798770444e-07,1.25,1.25,1.25,0.0,0.0,0.0
971,0.0001161843589216005,0.0001158845734607894,2.99785553181664e-07,1.25,1.25,1.25,0.0,0.0,0.0
972,0.0001162002379714977,0.00011592360606300644,2.7663188433280085e-07,1.25,1.25,1.25,0.0,0.0,0.0
973,0.00011636052986432332,0.00011608171480474994,2.788157587474416e-07,1.25,1.25,1.25,0.0,0.0,0.0
974,0.00011624129947449547,0.0001159611751063494,2.801244576744466e-07,1.25,1.25,1.25,0.0,0.0,0.0
975,0.00011604437822825276,0.00011577213444979861,2.722437642432851e-07,1.25,1.25,1.25,0.0,0.0,0.0
976,0.00011638008072623052,0.00011610073343035766,2.793473228734911e-07,1.25,1.25,1.25,0.0,0.0,0.0
977,0.0001163666329375701,0.00011608877539401874,2.7785793150769677e-07,1.25,1.25,1.25,0.0,0.0,0.0
978,0.0001162302796728909,0.00011595142750593368,2.7885160278628975e-07,1.25,1.25,1.25,0.0,0.0,0.0
979,0.000116201005585026,0.00011592755254241638,2.734535662796134e-07,1.25,1.25,1.25,0.0,0.0,0.0
980,0.0001161850002972642,0.00011590600952331443,2.789908251088491e-07,1.25,1.25,1.25,0.0,0.0,0.0
981,0.00011623726750258357,0.00011596111326070969,2.761544322993359e-07,1.25,1.25,1.25,0.0,0.0,0.0
982,0.00011628980391833465,0.00011602036574913655,2.6943811093360637e-07,1.25,1.25,1.25,0.0,0.0,0.0
983,0.00011619941833487246,0.0001159175004431745,2.819172571832951e-07,1.25,1.25,1.25,0.0,0.0,0.0
984,0.00011625006736721843,0.0001159710438514594,2.790232329630271e-07,1.25,1.25,1.25,0.0,0.0,0.0
985,0.00011609524444793351,0.00011581534636206925,2.7989787980686743e-07,1.25,1.25,1.25,0.0,0.0,0.0
986,0.00011640216762316413,0.00011612489288381767,2.772746341861421e-07,1.25,1.25,1.25,0.0,0.0,0.0
987,0.0001164150788099505,0.00011613697788561694,2.7810134497485704e-07,1.25,1.25,1.25,0.0,0.0,0.0
988,0.00011627909661910962,0.00011600266152527184,2.7643570703617116e-07,1.25,1.25,1.25,0.0,0.0,0.0
989,0.00011621683006524108,0.00011593263734539505,2.8419226083542526e-07,1.25,1.25,1.25,0.0,0.0,0.0
990,0.00011631070228759199,0.00011603640050452668,2.7430082809587476e-07,1.25,1.25,1.25,0.0,0.0,0.0
991,0.00011619868164416402,0.00011592774280870799,2.709393314148656e-07,1.25,1.25,1.25,0.0,0.0,0.0
992,0.00011625648985500448,0.0001159778952569468,2.7859531712692844e-07,1.25,1.25,1.25,0.0,0.0,0.0
993,0.00011630421067820862,0.00011603153216128703,2.7267843876188637e-07,1.25,1.25,1.25,0.0,0.0,0.0
994,0.00011626193845586386,0.0001159899195045,2.720187481486391e-07,1.25,1.25,1.25,0.0,0.0,0.0
995,0.00011636164708761498,0.00011608485983742867,2.7678701570721386e-07,1.25,1.25,1.25,0.0,0.0,0.0
996,0.00011626281229837332,0.00011598409073485528,2.787209254506706e-07,1.25,1.25,1.25,0.0,0.0,0.0
997,0.00011618115604505874,0.00011590282483666669,2.7833119986553356e-07,1.25,1.25,1.25,0.0,0.0,0.0
998,0.00011626701307250187,0.00011599158933677245,2.75424417850445e-07,1.25,1.25,1.25,0.0,0.0,0.0
999,0.00011615673174674157,0.00011587328990572132,2.834421316322278e-07,1.25,1.25,1.25,0.0,0.0,0.0
