epoch,layer,residual_norm
0,0,0.033943645656108856
0,1,0.004599167499691248
0,2,0.004999371245503426
1,0,0.032657038420438766
1,1,0.0030472693033516407
1,2,0.0031781853176653385
2,0,0.032609548419713974
2,1,0.002000997541472316
2,2,0.0022638144437223673
3,0,0.032793477177619934
3,1,0.0017023284453898668
3,2,0.0017771286657080054
4,0,0.03285175934433937
4,1,0.0012429500930011272
4,2,0.001318021328188479
5,0,0.032817695289850235
5,1,0.0011906033614650369
5,2,0.0012602255446836352
6,0,0.03210878744721413
6,1,0.0010000321781262755
6,2,0.0009945844067260623
7,0,0.03226078301668167
7,1,0.0009633031440898776
7,2,0.0008608308271504939
8,0,0.03210951015353203
8,1,0.0009019658900797367
8,2,0.0006945050554350019
9,0,0.031516749411821365
9,1,0.0007751553202979267
9,2,0.0007191661861725152
10,0,0.03180035576224327
10,1,0.0008066241862252355
10,2,0.0006593469297513366
11,0,0.03140757605433464
11,1,0.0007600971730425954
11,2,0.0006419664714485407
12,0,0.03170683979988098
12,1,0.0006590657285414636
12,2,0.000686764542479068
13,0,0.03269499912858009
13,1,0.0007500763749703765
13,2,0.0005930035258643329
14,0,0.032340679317712784
14,1,0.0007043270161375403
14,2,0.0005917978123761714
15,0,0.033387526869773865
15,1,0.0007531119044870138
15,2,0.0005803901003673673
16,0,0.032139554619789124
16,1,0.0007392408442683518
16,2,0.0005780853680334985
17,0,0.03191983327269554
17,1,0.0007189743337221444
17,2,0.0005991755169816315
18,0,0.03314247727394104
18,1,0.0007130401791073382
18,2,0.0005950818303972483
19,0,0.032488513737916946
19,1,0.0006551289116032422
19,2,0.0005240754107944667
20,0,0.03341955691576004
20,1,0.0006624955567531288
20,2,0.0005535741220228374
21,0,0.032704807817935944
21,1,0.0005965650780126452
21,2,0.0005187742062844336
22,0,0.03302663564682007
22,1,0.0005798632046207786
22,2,0.000486809469293803
23,0,0.031208978965878487
23,1,0.000587058428209275
23,2,0.0005085219163447618
24,0,0.032871223986148834
24,1,0.0005983448936603963
24,2,0.0005128175835125148
25,0,0.0325891338288784
25,1,0.0005539502017199993
25,2,0.00047324856859631836
26,0,0.030893869698047638
26,1,0.0005596642731688917
26,2,0.0005173531826585531
27,0,0.031686458736658096
27,1,0.000532852835021913
27,2,0.00048440543469041586
28,0,0.03212277963757515
28,1,0.0005857204087078571
28,2,0.0005611867527477443
29,0,0.03164020925760269
29,1,0.0005100076086819172
29,2,0.00048136632540263236
30,0,0.03194139897823334
30,1,0.0005188495852053165
30,2,0.0005254485295154154
31,0,0.033344775438308716
31,1,0.0004896580358035862
31,2,0.0005399140063673258
32,0,0.031157756224274635
32,1,0.0004986707353964448
32,2,0.0005439008236862719
33,0,0.03267581760883331
33,1,0.0005213426775299013
33,2,0.0006067720241844654
34,0,0.032340433448553085
34,1,0.0005532174836844206
34,2,0.0009279932710342109
35,0,0.0329105369746685
35,1,0.0005857002106495202
35,2,0.0008042571716941893
36,0,0.03201449289917946
36,1,0.0005086014280095696
36,2,0.0007472706492990255
37,0,0.0326281301677227
37,1,0.0005853925249539316
37,2,0.0011464095441624522
38,0,0.03250635787844658
38,1,0.0006705487030558288
38,2,0.0012523412005975842
39,0,0.031152881681919098
39,1,0.0005986543837934732
39,2,0.0013636910589411855
40,0,0.031622353941202164
40,1,0.0006530115497298539
40,2,0.001782976440154016
41,0,0.03257601335644722
41,1,0.0006914167897775769
41,2,0.0020400367211550474
42,0,0.032438818365335464
42,1,0.0009075331618078053
42,2,0.002091915812343359
43,0,0.03287743031978607
43,1,0.0006660002400167286
43,2,0.0014748196117579937
44,0,0.03172484040260315
44,1,0.000740501971449703
44,2,0.0016486890381202102
45,0,0.03107271157205105
45,1,0.0006969721289351583
45,2,0.0017310926923528314
46,0,0.030511049553751945
46,1,0.0006688733119517565
46,2,0.0017266303766518831
47,0,0.03393687307834625
47,1,0.0006935298442840576
47,2,0.0011999132111668587
48,0,0.03255113214254379
48,1,0.0006777080125175416
48,2,0.0013529353309422731
49,0,0.032405249774456024
49,1,0.0005766850081272423
49,2,0.0010773981921374798
50,0,0.030861785635352135
50,1,0.0004624710709322244
50,2,0.001005779136903584
51,0,0.03223446011543274
51,1,0.000559066073037684
51,2,0.0007834082352928817
52,0,0.03245466202497482
52,1,0.0005400683148764074
52,2,0.000822621863335371
53,0,0.03189443051815033
53,1,0.0005080681876279414
53,2,0.0008064305293373764
54,0,0.03289851173758507
54,1,0.0004974639741703868
54,2,0.0007510571158491075
55,0,0.032607708126306534
55,1,0.0004745646147057414
55,2,0.0005783310625702143
56,0,0.03161771595478058
56,1,0.0005034594214521348
56,2,0.0005138484993949533
57,0,0.03297966346144676
57,1,0.0005645223427563906
57,2,0.0005630759405903518
58,0,0.03169659525156021
58,1,0.0005275072762742639
58,2,0.0007001921185292304
59,0,0.0315994992852211
59,1,0.0005858701770193875
59,2,0.0008781857904978096
60,0,0.033908821642398834
60,1,0.0006576204905286431
60,2,0.0009478877764195204
61,0,0.032156482338905334
61,1,0.0005554067902266979
61,2,0.0008431637543253601
62,0,0.03190214931964874
62,1,0.0004958239151164889
62,2,0.0007424119394272566
63,0,0.032501220703125
63,1,0.000510872108861804
63,2,0.0007063621887937188
64,0,0.032298311591148376
64,1,0.0005211250972934067
64,2,0.0006103810737840831
65,0,0.032887957990169525
65,1,0.0005379190552048385
65,2,0.0007510842988267541
66,0,0.033140458166599274
66,1,0.0005307761020958424
66,2,0.0007372674881480634
67,0,0.03314187005162239
67,1,0.000565146969165653
67,2,0.0008903237758204341
68,0,0.031116973608732224
68,1,0.0007201815606094897
68,2,0.0008129928610287607
69,0,0.030869128182530403
69,1,0.0005533738876692951
69,2,0.0008989179041236639
70,0,0.03144741803407669
70,1,0.0005042662378400564
70,2,0.0007421491900458932
71,0,0.03290969878435135
71,1,0.0007041099015623331
71,2,0.0010501514188945293
72,0,0.03133866563439369
72,1,0.0005544610903598368
72,2,0.0011482295813038945
73,0,0.03230484202504158
73,1,0.0005377408815547824
73,2,0.0007576661882922053
74,0,0.03297518938779831
74,1,0.0006685056141577661
74,2,0.0012417255202308297
75,0,0.03172283619642258
75,1,0.0006093148840591311
75,2,0.0011511646443977952
76,0,0.03368225321173668
76,1,0.0006654621683992445
76,2,0.001246277941390872
77,0,0.031467631459236145
77,1,0.0007955296314321458
77,2,0.0015539360465481877
78,0,0.03262217342853546
78,1,0.0006370990886352956
78,2,0.001112502533942461
79,0,0.03132863715291023
79,1,0.0005397590575739741
79,2,0.0008617904968559742
80,0,0.03196539357304573
80,1,0.0006513922708109021
80,2,0.0011933428468182683
81,0,0.032654594630002975
81,1,0.0005869035958312452
81,2,0.0008364590466953814
82,0,0.03267146646976471
82,1,0.0005964262527413666
82,2,0.0009762397385202348
83,0,0.03018566220998764
83,1,0.0005251117399893701
83,2,0.0009969457751139998
84,0,0.0325491726398468
84,1,0.0006057990831322968
84,2,0.0011653491528704762
85,0,0.03189929947257042
85,1,0.0006469193031080067
85,2,0.0011786198010668159
86,0,0.032823167741298676
86,1,0.0006973998388275504
86,2,0.0013722676085308194
87,0,0.032534267753362656
87,1,0.0007163493428379297
87,2,0.0016889559337869287
88,0,0.03356405720114708
88,1,0.0007381761097349226
88,2,0.0016303578158840537
89,0,0.03207175061106682
89,1,0.0008645514608360827
89,2,0.0014280679170042276
90,0,0.03396201133728027
90,1,0.000754784035962075
90,2,0.0013669836334884167
91,0,0.032807257026433945
91,1,0.0006106725777499378
91,2,0.0019549839198589325
92,0,0.03238028287887573
92,1,0.0006894668913446367
92,2,0.0012099636951461434
93,0,0.03277808427810669
93,1,0.0006944597116671503
93,2,0.0011853674659505486
94,0,0.03243926540017128
94,1,0.0007708198390901089
94,2,0.0012739772209897637
95,0,0.03270193934440613
95,1,0.0007949064020067453
95,2,0.0013835856225341558
96,0,0.03483785688877106
96,1,0.000794466061051935
96,2,0.0013969396241009235
97,0,0.03298574686050415
97,1,0.0007427025120705366
97,2,0.0011859730584546924
98,0,0.032436177134513855
98,1,0.0006460464210249484
98,2,0.0009898488642647862
99,0,0.033051591366529465
99,1,0.0006136273150332272
99,2,0.000899176113307476
100,0,0.03329332545399666
100,1,0.0007075877510942519
100,2,0.0008424276020377874
101,0,0.03325435146689415
101,1,0.0006594405858777463
101,2,0.0008571858634240925
102,0,0.03329361602663994
102,1,0.0007093735039234161
102,2,0.0009479119325987995
103,0,0.03393333777785301
103,1,0.0007835860596969724
103,2,0.0009850867791101336
104,0,0.03224045783281326
104,1,0.00060323002981022
104,2,0.0008498758543282747
105,0,0.03482067957520485
105,1,0.0006640910287387669
105,2,0.0008679499151185155
106,0,0.03132759407162666
106,1,0.0006433911621570587
106,2,0.0011806944385170937
107,0,0.03359699621796608
107,1,0.0006996720330789685
107,2,0.0012911871308460832
108,0,0.03397507965564728
108,1,0.0006990361725911498
108,2,0.001579457544721663
109,0,0.034149665385484695
109,1,0.000642335566226393
109,2,0.0010800912277773023
110,0,0.03393210098147392
110,1,0.0005831991438753903
110,2,0.0009075180278159678
111,0,0.03672544285655022
111,1,0.000552673009224236
111,2,0.0006755093345418572
112,0,0.034228529781103134
112,1,0.0005457858205772936
112,2,0.0007991063757799566
113,0,0.0361531563103199
113,1,0.0005637623835355043
113,2,0.0009795761434361339
114,0,0.035932499915361404
114,1,0.0005948988255113363
114,2,0.0008225679048337042
115,0,0.035023126751184464
115,1,0.0006197514594532549
115,2,0.0008905602153390646
116,0,0.033145371824502945
116,1,0.0005547148757614195
116,2,0.000902645057067275
117,0,0.034919146448373795
117,1,0.000693812791723758
117,2,0.001274594571441412
118,0,0.0320500023663044
118,1,0.0005624151672236621
118,2,0.0007213455392047763
119,0,0.03232494741678238
119,1,0.0005374273750931025
119,2,0.0006215760949999094
120,0,0.03312737122178078
120,1,0.0006520939059555531
120,2,0.0008190402295440435
121,0,0.03381039947271347
121,1,0.000553618767298758
121,2,0.0008296040468849242
122,0,0.033810097724199295
122,1,0.0005693806451745331
122,2,0.0006888815551064909
123,0,0.035941269248723984
123,1,0.0005910884938202798
123,2,0.001490250346250832
124,0,0.03433726727962494
124,1,0.0006673684692941606
124,2,0.0016368873184546828
125,0,0.03424939140677452
125,1,0.0007884175865910947
125,2,0.0016183709958568215
126,0,0.033186934888362885
126,1,0.0008558320114389062
126,2,0.0012596093583852053
127,0,0.03434614837169647
127,1,0.0008168602944351733
127,2,0.001910279388539493
128,0,0.037165552377700806
128,1,0.001038954476825893
128,2,0.00267987628467381
129,0,0.03837928548455238
129,1,0.0011428551515564322
129,2,0.0021142163313925266
130,0,0.03888858109712601
130,1,0.001225670799612999
130,2,0.003231444861739874
131,0,0.03684290871024132
131,1,0.0010447605745866895
131,2,0.004451879300177097
132,0,0.03781558573246002
132,1,0.0008508100872859359
132,2,0.0016960701905190945
133,0,0.03769887238740921
133,1,0.0007115663611330092
133,2,0.001241357997059822
134,0,0.03615488484501839
134,1,0.0006591570563614368
134,2,0.0007998705259524286
135,0,0.03665526956319809
135,1,0.0006265772390179336
135,2,0.0009492528042756021
136,0,0.03974093124270439
136,1,0.0006763738347217441
136,2,0.0007650948828086257
137,0,0.040781546384096146
137,1,0.0006585920345969498
137,2,0.0005441529210656881
138,0,0.038186028599739075
138,1,0.0006438599084503949
138,2,0.0005307506071403623
139,0,0.039004772901535034
139,1,0.0007021639030426741
139,2,0.000591585470829159
140,0,0.03726530820131302
140,1,0.0006295912899076939
140,2,0.000584065041039139
141,0,0.03646092861890793
141,1,0.0006093980045989156
141,2,0.0005941195995546877
142,0,0.03976794332265854
142,1,0.0006816506502218544
142,2,0.0007277894183062017
143,0,0.03580779582262039
143,1,0.0006111055845394731
143,2,0.0007527078851126134
144,0,0.03955797851085663
144,1,0.0006769193569198251
144,2,0.0008561215945519507
145,0,0.036463603377342224
145,1,0.000604029803071171
145,2,0.0008426341228187084
146,0,0.03824136406183243
146,1,0.0007458942127414048
146,2,0.0010707959299907088
147,0,0.03805939108133316
147,1,0.0006598237669095397
147,2,0.0011642205063253641
148,0,0.03754522651433945
148,1,0.0007720861467532814
148,2,0.0012988622765988111
149,0,0.03715679794549942
149,1,0.0007620227988809347
149,2,0.0009982071351259947
150,0,0.03614427521824837
150,1,0.0006227202247828245
150,2,0.0008974468801170588
151,0,0.03982200846076012
151,1,0.0007176529616117477
151,2,0.0010285564931109548
152,0,0.03626719489693642
152,1,0.0006474750698544085
152,2,0.0010321992449462414
153,0,0.03779616951942444
153,1,0.0006096521392464638
153,2,0.0009113929118029773
154,0,0.038169607520103455
154,1,0.000619616883341223
154,2,0.0008464228012599051
155,0,0.0388941690325737
155,1,0.0006197583279572427
155,2,0.0006662496598437428
156,0,0.03967417776584625
156,1,0.0006720199016854167
156,2,0.0007511982112191617
157,0,0.037019744515419006
157,1,0.0008110250346362591
157,2,0.0010546097764745355
158,0,0.04089652746915817
158,1,0.0006866618641652167
158,2,0.0011275282595306635
159,0,0.03853520378470421
159,1,0.0006560241454280913
159,2,0.0009612568537704647
160,0,0.04046615958213806
160,1,0.0006853998638689518
160,2,0.000997426570393145
161,0,0.03920622915029526
161,1,0.0006332244956865907
161,2,0.0009687269339337945
162,0,0.03835779428482056
162,1,0.0005746824899688363
162,2,0.0008026771247386932
163,0,0.03915297985076904
163,1,0.0005857733194716275
163,2,0.0008550618658773601
164,0,0.0402802899479866
164,1,0.0006802549469284713
164,2,0.0007740214932709932
165,0,0.03869352117180824
165,1,0.0006396264652721584
165,2,0.0007274682866409421
166,0,0.0369015634059906
166,1,0.0007329456857405603
166,2,0.0011364964302629232
167,0,0.037927836179733276
167,1,0.0006152682472020388
167,2,0.0010800419840961695
168,0,0.037515025585889816
168,1,0.0006278491928242147
168,2,0.0007895263261161745
169,0,0.04079156741499901
169,1,0.0007183828274719417
169,2,0.0008891253964975476
170,0,0.03765182942152023
170,1,0.0005950670456513762
170,2,0.000928572379052639
171,0,0.03782881796360016
171,1,0.0006720881210640073
171,2,0.0006788298487663269
172,0,0.03850451856851578
172,1,0.0006187708931975067
172,2,0.0006450929795391858
173,0,0.04127257689833641
173,1,0.0006676501361653209
173,2,0.0007066152174957097
174,0,0.04074656963348389
174,1,0.0008246267680078745
174,2,0.000827245821710676
175,0,0.04023074358701706
175,1,0.0007444549119099975
175,2,0.0013476165477186441
176,0,0.03952044993638992
176,1,0.0006483722245320678
176,2,0.0012631692225113511
177,0,0.039391711354255676
177,1,0.0006492495886050165
177,2,0.0008580174180679023
178,0,0.03911060839891434
178,1,0.0007349854568019509
178,2,0.0009553891723044217
179,0,0.037629835307598114
179,1,0.0006194299785420299
179,2,0.0010087216505780816
180,0,0.03921717032790184
180,1,0.0006273463368415833
180,2,0.0007720141438767314
181,0,0.04039687663316727
181,1,0.0007453285506926477
181,2,0.0006697094067931175
182,0,0.03737208992242813
182,1,0.0006370996125042439
182,2,0.000933007278945297
183,0,0.04103090241551399
183,1,0.00064227165421471
183,2,0.0008620767039246857
184,0,0.039509616792201996
184,1,0.0006075908313505352
184,2,0.0006840192945674062
185,0,0.038706887513399124
185,1,0.0006290146848186851
185,2,0.0006233867025002837
186,0,0.03886833414435387
186,1,0.0007886207313276827
186,2,0.0008370765717700124
187,0,0.03998072072863579
187,1,0.00078174116788432
187,2,0.0011153860250487924
188,0,0.03866828978061676
188,1,0.0008207582286559045
188,2,0.0013979693176224828
189,0,0.038522135466337204
189,1,0.0007821107865311205
189,2,0.0010909814154729247
190,0,0.04185066744685173
190,1,0.0007962464587762952
190,2,0.001295616151764989
191,0,0.04027964919805527
191,1,0.0009762289701029658
191,2,0.0019342373125255108
192,0,0.03876281529664993
192,1,0.000943893741350621
192,2,0.0015821702545508742
193,0,0.04173962399363518
193,1,0.0009923608740791678
193,2,0.0012382192071527243
194,0,0.041877392679452896
194,1,0.0008556153043173254
194,2,0.0013687281170859933
195,0,0.04003061354160309
195,1,0.0007853865972720087
195,2,0.0019961907528340816
196,0,0.03894204646348953
196,1,0.0007159039378166199
196,2,0.0012766538420692086
197,0,0.04078179970383644
197,1,0.0007271216600202024
197,2,0.0013813714031130075
198,0,0.04184344410896301
198,1,0.0006872848607599735
198,2,0.0011431534076109529
199,0,0.04250938072800636
199,1,0.0007128127035684884
199,2,0.000986699596978724
200,0,0.04273373633623123
200,1,0.0006626306567341089
200,2,0.0007651973282918334
201,0,0.04173709452152252
201,1,0.0006439320859499276
201,2,0.0007949635619297624
202,0,0.038183342665433884
202,1,0.0006352392374537885
202,2,0.0007617462542839348
203,0,0.04181468114256859
203,1,0.000849375210236758
203,2,0.0009313305490650237
204,0,0.04113062471151352
204,1,0.000715272908564657
204,2,0.0009474584949202836
205,0,0.042740873992443085
205,1,0.0007137110806070268
205,2,0.0011206333292648196
206,0,0.03957923874258995
206,1,0.0007346025086008012
206,2,0.0011644470505416393
207,0,0.04216080158948898
207,1,0.0007212763885036111
207,2,0.0010855430737137794
208,0,0.04088349640369415
208,1,0.0008464730926789343
208,2,0.0016896413872018456
209,0,0.04108605906367302
209,1,0.0009247614070773125
209,2,0.0016621719114482403
210,0,0.04279898479580879
210,1,0.0009754817583598197
210,2,0.0016386319184675813
211,0,0.04113622009754181
211,1,0.0012875311076641083
211,2,0.0025374582037329674
212,0,0.04245997220277786
212,1,0.001194481854327023
212,2,0.0018697488121688366
213,0,0.042810872197151184
213,1,0.0009330999455414712
213,2,0.001671074889600277
214,0,0.04384087771177292
214,1,0.0009273786563426256
214,2,0.0014230584492906928
215,0,0.04254518449306488
215,1,0.0007262186845764518
215,2,0.0011915632057935
216,0,0.042921457439661026
216,1,0.0007161815301515162
216,2,0.0009109072852879763
217,0,0.04393681138753891
217,1,0.0006270948215387762
217,2,0.0007220209809020162
218,0,0.040686916559934616
218,1,0.0006350596668198705
218,2,0.0008037900552153587
219,0,0.04325179010629654
219,1,0.0006541687180288136
219,2,0.0006818580441176891
220,0,0.040771834552288055
220,1,0.0005854603950865567
220,2,0.0006024613976478577
221,0,0.04290907084941864
221,1,0.0006259478977881372
221,2,0.0006158690666779876
222,0,0.04456852376461029
222,1,0.0006409665220417082
222,2,0.0006785367731936276
223,0,0.04223940521478653
223,1,0.0007007595850154757
223,2,0.0008446924039162695
224,0,0.042367029935121536
224,1,0.000606400950346142
224,2,0.0009068739018402994
225,0,0.04201850667595863
225,1,0.0006555091240443289
225,2,0.0007855232106521726
226,0,0.04542168602347374
226,1,0.0006852227379567921
226,2,0.0009182188077829778
227,0,0.04215735197067261
227,1,0.0007346873171627522
227,2,0.0010212227934971452
228,0,0.041691266000270844
228,1,0.0007307723280973732
228,2,0.0007931143045425415
229,0,0.044376496225595474
229,1,0.0006942595355212688
229,2,0.0011447615688666701
230,0,0.04436430707573891
230,1,0.0007421730551868677
230,2,0.0010373913682997227
231,0,0.04324845224618912
231,1,0.0006344235735014081
231,2,0.0009299286757595837
232,0,0.039900340139865875
232,1,0.0006569967954419553
232,2,0.0006901298766024411
233,0,0.03818941116333008
233,1,0.0006314524216577411
233,2,0.0006172767607495189
234,0,0.04220627248287201
234,1,0.0007070943247526884
234,2,0.0006193516310304403
235,0,0.04162430390715599
235,1,0.0007019088952802122
235,2,0.0006810470949858427
236,0,0.042082685977220535
236,1,0.0006403590086847544
236,2,0.0008347253315150738
237,0,0.043485041707754135
237,1,0.0006477299612015486
237,2,0.0008377114427275956
238,0,0.04535635560750961
238,1,0.0006960260216146708
238,2,0.0009063293691724539
239,0,0.045190680772066116
239,1,0.0006404221057891846
239,2,0.0007142327376641333
240,0,0.04517306014895439
240,1,0.000666858977638185
240,2,0.0009341002441942692
241,0,0.04063860699534416
241,1,0.0006542480550706387
241,2,0.0009543468477204442
242,0,0.04189787060022354
242,1,0.0006673652096651495
242,2,0.0007974111940711737
243,0,0.047374118119478226
243,1,0.0006818221881985664
243,2,0.0008964280132204294
244,0,0.04385256767272949
244,1,0.0006262579699978232
244,2,0.0008596411789767444
245,0,0.04669596254825592
245,1,0.0006921320455148816
245,2,0.0008885000133886933
246,0,0.04117674008011818
246,1,0.00060859794029966
246,2,0.000821225403342396
247,0,0.04177366569638252
247,1,0.0007210768526419997
247,2,0.0007969452417455614
248,0,0.04582419618964195
248,1,0.0007006373489275575
248,2,0.0008854782790876925
249,0,0.0385429821908474
249,1,0.0007941084913909435
249,2,0.0012839289847761393
250,0,0.04489991068840027
250,1,0.0006825756863690913
250,2,0.0007932477165013552
251,0,0.043310005217790604
251,1,0.000686095969285816
251,2,0.0008826010744087398
252,0,0.04127709940075874
252,1,0.0006469368236139417
252,2,0.0007010535337030888
253,0,0.04158621281385422
253,1,0.0006303712725639343
253,2,0.0007721722358837724
254,0,0.04145355150103569
254,1,0.000702232588082552
254,2,0.0010538530768826604
255,0,0.04195386543869972
255,1,0.0007130223675630987
255,2,0.0007768220384605229
256,0,0.04592898488044739
256,1,0.0006689410074613988
256,2,0.0009324392885901034
257,0,0.04662616178393364
257,1,0.0007782261236570776
257,2,0.0008496040245518088
258,0,0.043360572308301926
258,1,0.0007101664086803794
258,2,0.0010363832116127014
259,0,0.04266068711876869
259,1,0.000674563692882657
259,2,0.0010600383393466473
260,0,0.04319223389029503
260,1,0.0006403843872249126
260,2,0.0006959194433875382
261,0,0.04510237276554108
261,1,0.0006068216753192246
261,2,0.0008935597725212574
262,0,0.04362289980053902
262,1,0.0005909815663471818
262,2,0.000670248584356159
263,0,0.04201427847146988
263,1,0.000613502983469516
263,2,0.0007605309947393835
264,0,0.040283381938934326
264,1,0.0006133787101134658
264,2,0.000679151969961822
265,0,0.04348776489496231
265,1,0.0006418494740501046
265,2,0.0007696208194829524
266,0,0.04085886478424072
266,1,0.0007017036550678313
266,2,0.0007652047206647694
267,0,0.0405132919549942
267,1,0.0006564714130945504
267,2,0.0010360172018408775
268,0,0.04247870296239853
268,1,0.0006344529683701694
268,2,0.0007755041588097811
269,0,0.04431864619255066
269,1,0.0007257447578012943
269,2,0.0009959365706890821
270,0,0.0446648932993412
270,1,0.0008546146564185619
270,2,0.0010334581602364779
271,0,0.04160819575190544
271,1,0.000803352624643594
271,2,0.001128542353399098
272,0,0.041377320885658264
272,1,0.0007366041536442935
272,2,0.000889214628841728
273,0,0.04639452323317528
273,1,0.0006762594566680491
273,2,0.0009070763480849564
274,0,0.044963303953409195
274,1,0.0007015831070020795
274,2,0.000915856973733753
275,0,0.04347808286547661
275,1,0.0006780339754186571
275,2,0.0007257724064402282
276,0,0.04355117678642273
276,1,0.000659978948533535
276,2,0.0006637265905737877
277,0,0.04041832685470581
277,1,0.000599499442614615
277,2,0.0008240624447353184
278,0,0.042069051414728165
278,1,0.0005885231075808406
278,2,0.0006839919951744378
279,0,0.04399806633591652
279,1,0.000748033111449331
279,2,0.0007837191224098206
280,0,0.045272551476955414
280,1,0.0007383901393041015
280,2,0.0008701966144144535
281,0,0.042278990149497986
281,1,0.000800339737907052
281,2,0.0009393063373863697
282,0,0.04275965690612793
282,1,0.0007734071114100516
282,2,0.0012090230593457818
283,0,0.040206681936979294
283,1,0.0007150447927415371
283,2,0.001180703635327518
284,0,0.04370344802737236
284,1,0.0006351363263092935
284,2,0.0010925784008577466
285,0,0.04343082383275032
285,1,0.0006534306448884308
285,2,0.0008628352079540491
286,0,0.041072070598602295
286,1,0.0008049848256632686
286,2,0.0008171797962859273
287,0,0.045088525861501694
287,1,0.0006788624450564384
287,2,0.0006374815129674971
288,0,0.0462137833237648
288,1,0.0006400910788215697
288,2,0.00087883067317307
289,0,0.04181594401597977
289,1,0.0006834701052866876
289,2,0.0007329305517487228
290,0,0.04179457947611809
290,1,0.00063340924680233
290,2,0.0010107459966093302
291,0,0.04508066177368164
291,1,0.0007755886181257665
291,2,0.0011497775558382273
292,0,0.04482795298099518
292,1,0.0006777099915780127
292,2,0.001104737282730639
293,0,0.04103247448801994
293,1,0.0007092061568982899
293,2,0.000825724913738668
294,0,0.044134095311164856
294,1,0.0007313445094041526
294,2,0.000745928380638361
295,0,0.03828854113817215
295,1,0.0006137531017884612
295,2,0.0006701021338813007
296,0,0.0437411405146122
296,1,0.0006370475166477263
296,2,0.0006876806728541851
297,0,0.04240936413407326
297,1,0.0007303122547455132
297,2,0.0009247902198694646
298,0,0.041801568120718
298,1,0.0006928379298187792
298,2,0.000854389974847436
299,0,0.044159334152936935
299,1,0.0007005158695392311
299,2,0.0010444476502016187
300,0,0.04396752268075943
300,1,0.0007098360802046955
300,2,0.0010135211050510406
301,0,0.04562890902161598
301,1,0.000727106467820704
301,2,0.001449812320061028
302,0,0.04185956344008446
302,1,0.0006954341079108417
302,2,0.001112992293201387
303,0,0.044783785939216614
303,1,0.00069338025059551
303,2,0.0010769451037049294
304,0,0.0454205758869648
304,1,0.0007179913809522986
304,2,0.001708909054286778
305,0,0.04536982998251915
305,1,0.0007160605164244771
305,2,0.0008444411214441061
306,0,0.045400675386190414
306,1,0.0007950560539029539
306,2,0.000981176272034645
307,0,0.041541796177625656
307,1,0.0007764730835333467
307,2,0.0010398784652352333
308,0,0.043934427201747894
308,1,0.0007574845221824944
308,2,0.00102763413451612
309,0,0.04130666330456734
309,1,0.0007420526235364377
309,2,0.0009665756369940937
310,0,0.04548678174614906
310,1,0.0006599486223421991
310,2,0.0007717086700722575
311,0,0.046074338257312775
311,1,0.0006413860828615725
311,2,0.0006496873684227467
312,0,0.043677859008312225
312,1,0.0007468475378118455
312,2,0.0005734526785090566
313,0,0.04578017070889473
313,1,0.0007586238789372146
313,2,0.0006215125904418528
314,0,0.043255727738142014
314,1,0.0007205809815786779
314,2,0.0007872741553001106
315,0,0.04221703112125397
315,1,0.0006869871285744011
315,2,0.0008694360149092972
316,0,0.04194727912545204
316,1,0.0006621999200433493
316,2,0.0008285515359602869
317,0,0.0439184308052063
317,1,0.0006142717902548611
317,2,0.0006480416632257402
318,0,0.04431091248989105
318,1,0.0006372769712470472
318,2,0.00070097332354635
319,0,0.04487404227256775
319,1,0.000731576350517571
319,2,0.0006624771049246192
320,0,0.04680972546339035
320,1,0.0006637314800173044
320,2,0.0007187289302237332
321,0,0.04280481114983559
321,1,0.0006151744746603072
321,2,0.000808621000032872
322,0,0.04576771706342697
322,1,0.0006604880327358842
322,2,0.0005919190589338541
323,0,0.045428235083818436
323,1,0.0007083832169882953
323,2,0.0005273661226965487
324,0,0.04818330332636833
324,1,0.0007295410032384098
324,2,0.0007155781495384872
325,0,0.046927560120821
325,1,0.0006617141771130264
325,2,0.0006149206892587245
326,0,0.04740097373723984
326,1,0.000778221117798239
326,2,0.0008313889265991747
327,0,0.04217769205570221
327,1,0.0008142422884702682
327,2,0.0008858712390065193
328,0,0.04605413228273392
328,1,0.0008391832816414535
328,2,0.001054704887792468
329,0,0.04580812156200409
329,1,0.0007418344612233341
329,2,0.0011327129323035479
330,0,0.044453516602516174
330,1,0.0006550356629304588
330,2,0.001010329695418477
331,0,0.04655854031443596
331,1,0.0007355584530159831
331,2,0.0007299552671611309
332,0,0.04703053459525108
332,1,0.0006919694133102894
332,2,0.0010216361843049526
333,0,0.045623522251844406
333,1,0.0006672718445770442
333,2,0.0007186827715486288
334,0,0.04306664317846298
334,1,0.0006801007548347116
334,2,0.0006531235412694514
335,0,0.04736856371164322
335,1,0.000679803139064461
335,2,0.0007859300822019577
336,0,0.04553955793380737
336,1,0.0006508067599497736
336,2,0.0006822744035162032
337,0,0.04535325989127159
337,1,0.000615527096670121
337,2,0.0006507330108433962
338,0,0.04532076045870781
338,1,0.0007768156356178224
338,2,0.0006691804155707359
339,0,0.04270193725824356
339,1,0.000695444003213197
339,2,0.0007509998977184296
340,0,0.04447559267282486
340,1,0.0007213183562271297
340,2,0.0007127051358111203
341,0,0.04212278127670288
341,1,0.0006313647027127445
341,2,0.0006343428394757211
342,0,0.045112933963537216
342,1,0.0007149767479859293
342,2,0.0007233216892927885
343,0,0.04789482057094574
343,1,0.0006174074951559305
343,2,0.0006263768300414085
344,0,0.04758754000067711
344,1,0.0007114300969988108
344,2,0.0007365545607171953
345,0,0.04909219220280647
345,1,0.0006926949718035758
345,2,0.0008462843834422529
346,0,0.04433447867631912
346,1,0.0007419695612043142
346,2,0.0007231661002151668
347,0,0.04541616141796112
347,1,0.000772992498241365
347,2,0.0011837271740660071
348,0,0.0423726812005043
348,1,0.0006942925392650068
348,2,0.0008308030082844198
349,0,0.04634419456124306
349,1,0.0007186775910668075
349,2,0.0009274525218643248
350,0,0.049405891448259354
350,1,0.0007082715746946633
350,2,0.0007821839535608888
351,0,0.044021423906087875
351,1,0.0006937318248674273
351,2,0.0008068063179962337
352,0,0.04634635150432587
352,1,0.0006836939719505608
352,2,0.0008460009703412652
353,0,0.04450387880206108
353,1,0.0005841811071150005
353,2,0.0007512389565818012
354,0,0.04588184878230095
354,1,0.000625494634732604
354,2,0.0006689209258183837
355,0,0.04516977816820145
355,1,0.0007521126535721123
355,2,0.0007856785086914897
356,0,0.045748520642519
356,1,0.0007030851556919515
356,2,0.0009772684425115585
357,0,0.0450873076915741
357,1,0.0006671884329989552
357,2,0.0010289526544511318
358,0,0.046752821654081345
358,1,0.0006733395275659859
358,2,0.0011690242681652308
359,0,0.0482296384871006
359,1,0.0007392086554318666
359,2,0.0010046666720882058
360,0,0.04709181562066078
360,1,0.0007224453147500753
360,2,0.0008539065602235496
361,0,0.04934760928153992
361,1,0.0007192079210653901
361,2,0.0007337010465562344
362,0,0.043266795575618744
362,1,0.0006735627539455891
362,2,0.0007059272029437125
363,0,0.045455824583768845
363,1,0.0007106336415745318
363,2,0.0007595153292641044
364,0,0.048297006636857986
364,1,0.0007279272540472448
364,2,0.0009062319295480847
365,0,0.04856637865304947
365,1,0.0007698104600422084
365,2,0.0009596696472726762
366,0,0.044369861483573914
366,1,0.0006417205440811813
366,2,0.0008289963006973267
367,0,0.04616802930831909
367,1,0.0007147297146730125
367,2,0.0009548307280056179
368,0,0.04496144503355026
368,1,0.0006834596861153841
368,2,0.0006265957490541041
369,0,0.04476549103856087
369,1,0.0006809877813793719
369,2,0.0008165224571712315
370,0,0.04655158892273903
370,1,0.0006816387176513672
370,2,0.000665284926071763
371,0,0.043277278542518616
371,1,0.000746510922908783
371,2,0.0007885428494773805
372,0,0.04746948182582855
372,1,0.0006949036614969373
372,2,0.0007740526343695819
373,0,0.04826066642999649
373,1,0.0006643299129791558
373,2,0.0008118313853628933
374,0,0.04750421643257141
374,1,0.0007058550836518407
374,2,0.0005810332950204611
375,0,0.04915527626872063
375,1,0.0006994967116042972
375,2,0.0005543134757317603
376,0,0.046146053820848465
376,1,0.0007485958049073815
376,2,0.0006066778441891074
377,0,0.04280988499522209
377,1,0.0007029043626971543
377,2,0.0005430490709841251
378,0,0.04750625789165497
378,1,0.0007547533023171127
378,2,0.0006494793924503028
379,0,0.046932414174079895
379,1,0.0006851940997876227
379,2,0.0006872931262478232
380,0,0.04694685712456703
380,1,0.0006401716964319348
380,2,0.0006240455550141633
381,0,0.04786476865410805
381,1,0.000728281622286886
381,2,0.0005945511511527002
382,0,0.047329433262348175
382,1,0.0006351437186822295
382,2,0.0006154400762170553
383,0,0.047655537724494934
383,1,0.0006677816272713244
383,2,0.0007378990412689745
384,0,0.04475732147693634
384,1,0.0006748384912498295
384,2,0.000788533070590347
385,0,0.044066790491342545
385,1,0.0006861348520033062
385,2,0.0006792250787839293
386,0,0.04509635642170906
386,1,0.0007008429965935647
386,2,0.0008420877857133746
387,0,0.04436148703098297
387,1,0.0006769369356334209
387,2,0.0008893331396393478
388,0,0.04358590766787529
388,1,0.0006928980583325028
388,2,0.0009586199303157628
389,0,0.046219244599342346
389,1,0.0006981706828810275
389,2,0.00080697430530563
390,0,0.0438738577067852
390,1,0.0007195874932222068
390,2,0.0010353977559134364
391,0,0.046556804329156876
391,1,0.0006946174544282258
391,2,0.0007300868164747953
392,0,0.04813307523727417
392,1,0.0007640817784704268
392,2,0.00087233807425946
393,0,0.048534199595451355
393,1,0.0007085097022354603
393,2,0.0008037134539335966
394,0,0.045393865555524826
394,1,0.0006693056202493608
394,2,0.0006997704622335732
395,0,0.04220287501811981
395,1,0.0006133587448857725
395,2,0.0006732684560120106
396,0,0.04760737717151642
396,1,0.0006249090074561536
396,2,0.000616603996604681
397,0,0.04929894208908081
397,1,0.0006611743592657149
397,2,0.0005966578610241413
398,0,0.047990985214710236
398,1,0.0007050163694657385
398,2,0.000510507554281503
399,0,0.04500545188784599
399,1,0.0006261297967284918
399,2,0.0005718564498238266
400,0,0.04606561362743378
400,1,0.0006793529610149562
400,2,0.0005639126757159829
401,0,0.046277329325675964
401,1,0.0006547356606461108
401,2,0.0006947513320483267
402,0,0.044193536043167114
402,1,0.000637488323263824
402,2,0.0007029935950413346
403,0,0.045616306364536285
403,1,0.0006504366756416857
403,2,0.0007310988730750978
404,0,0.047546178102493286
404,1,0.0007041646167635918
404,2,0.0008119633421301842
405,0,0.0445256382226944
405,1,0.0007339728181250393
405,2,0.0007981416420079768
406,0,0.042364414781332016
406,1,0.0005981613066978753
406,2,0.0008089470211416483
407,0,0.046244580298662186
407,1,0.0007120567024685442
407,2,0.0005708885146304965
408,0,0.045969948172569275
408,1,0.0006645889952778816
408,2,0.0005392459570430219
409,0,0.045424219220876694
409,1,0.0006585172959603369
409,2,0.0005128721822984517
410,0,0.043548259884119034
410,1,0.0006934934062883258
410,2,0.0005712677957490087
411,0,0.04402090236544609
411,1,0.0007059469353407621
411,2,0.0005741582135669887
412,0,0.04643336310982704
412,1,0.0007324666948989034
412,2,0.0007873473805375397
413,0,0.045321233570575714
413,1,0.0006944432971067727
413,2,0.000684872386045754
414,0,0.04737432673573494
414,1,0.0006289473385550082
414,2,0.0006801441195420921
415,0,0.04294895380735397
415,1,0.0005707773379981518
415,2,0.0005958701367489994
416,0,0.04601358622312546
416,1,0.0006151649286039174
416,2,0.000596034515183419
417,0,0.049649931490421295
417,1,0.0006389112095348537
417,2,0.0005420425441116095
418,0,0.04659294709563255
418,1,0.000682134588714689
418,2,0.0006526156212203205
419,0,0.043987076729536057
419,1,0.0006944999331608415
419,2,0.000758347858209163
420,0,0.04809270426630974
420,1,0.0006637107580900192
420,2,0.0007282037404365838
421,0,0.0461733415722847
421,1,0.0006652636802755296
421,2,0.0007675822707824409
422,0,0.0474904365837574
422,1,0.0007804346387274563
422,2,0.00098520633764565
423,0,0.04485544189810753
423,1,0.0006732220645062625
423,2,0.0009297018405050039
424,0,0.04987725242972374
424,1,0.0006959508755244315
424,2,0.0006538507877849042
425,0,0.047139767557382584
425,1,0.000679188990034163
425,2,0.0008564796880818903
426,0,0.04658493399620056
426,1,0.000674959912430495
426,2,0.0006135049043223262
427,0,0.05014997348189354
427,1,0.0007007899694144726
427,2,0.0005827357526868582
428,0,0.04285397008061409
428,1,0.0006633015000261366
428,2,0.0007202709675766528
429,0,0.049733515828847885
429,1,0.0007712831720709801
429,2,0.0007965608965605497
430,0,0.052743565291166306
430,1,0.0007530947332270443
430,2,0.0010215856600552797
431,0,0.04717692360281944
431,1,0.0007421040791086853
431,2,0.0010797939030453563
432,0,0.044818680733442307
432,1,0.0007489266572520137
432,2,0.0010106870904564857
433,0,0.046932946890592575
433,1,0.0007758233114145696
433,2,0.0007270024507306516
434,0,0.0473051592707634
434,1,0.0006944306660443544
434,2,0.0006144106737338006
435,0,0.04714803025126457
435,1,0.0007193083874881268
435,2,0.0005306358798407018
436,0,0.046544868499040604
436,1,0.0006089688977226615
436,2,0.0006495431298390031
437,0,0.04553821310400963
437,1,0.0006358631071634591
437,2,0.0006093468400649726
438,0,0.044930603355169296
438,1,0.0006336031365208328
438,2,0.0005903027486056089
439,0,0.04932645335793495
439,1,0.0006462754681706429
439,2,0.0005446269060485065
440,0,0.04580099508166313
440,1,0.0006360195111483335
440,2,0.0005909855244681239
441,0,0.04621444642543793
441,1,0.0005942130228504539
441,2,0.0005413241451606154
442,0,0.0432148277759552
442,1,0.0005931511987000704
442,2,0.0005814669420942664
443,0,0.04800894856452942
443,1,0.0006213532178662717
443,2,0.0005181754240766168
444,0,0.04782470688223839
444,1,0.0006058571743778884
444,2,0.0005036153015680611
445,0,0.048044074326753616
445,1,0.0005879964446648955
445,2,0.0004521202645264566
446,0,0.04399498179554939
446,1,0.0006223145755939186
446,2,0.0004517114721238613
447,0,0.045822445303201675
447,1,0.0006727433064952493
447,2,0.0004365014028735459
448,0,0.051326896995306015
448,1,0.0006903941975906491
448,2,0.00047899995115585625
449,0,0.04762651398777962
449,1,0.0006407517357729375
449,2,0.0004723376769106835
450,0,0.043689943850040436
450,1,0.0006457457784563303
450,2,0.0005937759415246546
451,0,0.04971403628587723
451,1,0.0007709418423473835
451,2,0.0007087767589837313
452,0,0.04989125579595566
452,1,0.000670353532768786
452,2,0.0008183449390344322
453,0,0.04745740815997124
453,1,0.0006510151433758438
453,2,0.0007113257888704538
454,0,0.0495886392891407
454,1,0.0006748874438926578
454,2,0.0005872385227121413
455,0,0.04729586839675903
455,1,0.0006284748087637126
455,2,0.0006814267835579813
456,0,0.047347430139780045
456,1,0.0005863670376129448
456,2,0.000576564169023186
457,0,0.04233894497156143
457,1,0.0006330854957923293
457,2,0.0006610429845750332
458,0,0.049472324550151825
458,1,0.0007365426863543689
458,2,0.0009708362631499767
459,0,0.04694513604044914
459,1,0.0006790136103518307
459,2,0.0006997386808507144
460,0,0.0476921908557415
460,1,0.000634138414170593
460,2,0.000579494284465909
461,0,0.04505591839551926
461,1,0.0006769744213670492
461,2,0.0006189223495312035
462,0,0.0465063638985157
462,1,0.0005991440848447382
462,2,0.0006644599488936365
463,0,0.04320966824889183
463,1,0.000593271222896874
463,2,0.0005610633525066078
464,0,0.0474407784640789
464,1,0.0005862926482222974
464,2,0.0005203367327339947
465,0,0.047670383006334305
465,1,0.000705086044035852
465,2,0.0006308059091679752
466,0,0.0448412224650383
466,1,0.0006875567487441003
466,2,0.0007194406352937222
467,0,0.0435696505010128
467,1,0.0006349228788167238
467,2,0.0006387878675013781
468,0,0.046167489141225815
468,1,0.0006788225146010518
468,2,0.000663098762743175
469,0,0.048974182456731796
469,1,0.0007145954295992851
469,2,0.0007797585567459464
470,0,0.043682944029569626
470,1,0.0006352571654133499
470,2,0.000806734838988632
471,0,0.046885352581739426
471,1,0.0007129277801141143
471,2,0.0007673550862818956
472,0,0.04404077306389809
472,1,0.0006757033988833427
472,2,0.0008563376613892615
473,0,0.045200396329164505
473,1,0.0006157340831123292
473,2,0.0007683149306103587
474,0,0.04893983528017998
474,1,0.0006400294951163232
474,2,0.0008373252348974347
475,0,0.04446859657764435
475,1,0.0006972118862904608
475,2,0.0005491765914484859
476,0,0.048279691487550735
476,1,0.0006339711835607886
476,2,0.00044799179886467755
477,0,0.04665553569793701
477,1,0.0006379701662808657
477,2,0.000454021617770195
478,0,0.04517759010195732
478,1,0.0006206058897078037
478,2,0.0005380199872888625
479,0,0.04586699977517128
479,1,0.0006496681598946452
479,2,0.0005092573701404035
480,0,0.04805988445878029
480,1,0.0006121070473454893
480,2,0.0005110601196065545
481,0,0.046311624348163605
481,1,0.0006620016065426171
481,2,0.000493321567773819
482,0,0.04697241634130478
482,1,0.0006568980752490461
482,2,0.0006384188891388476
483,0,0.041598692536354065
483,1,0.0006286332500167191
483,2,0.0007146267453208566
484,0,0.044177304953336716
484,1,0.0006191961583681405
484,2,0.0006529656238853931
485,0,0.04476559907197952
485,1,0.0006108817760832608
485,2,0.0005643846816383302
486,0,0.04681657999753952
486,1,0.0006035793921910226
486,2,0.0005392373423092067
487,0,0.045939747244119644
487,1,0.0006150382105261087
487,2,0.00044601893750950694
488,0,0.044462043792009354
488,1,0.0006762935081496835
488,2,0.0004192776104900986
489,0,0.04781491681933403
489,1,0.000662635953631252
489,2,0.00041016374598257244
490,0,0.0425872877240181
490,1,0.0006243526586331427
490,2,0.00040189316496253014
491,0,0.04880432412028313
491,1,0.0005956416134722531
491,2,0.0004961664672009647
492,0,0.04643645137548447
492,1,0.000689594482537359
492,2,0.0005280830664560199
493,0,0.0465349443256855
493,1,0.0006326671573333442
493,2,0.0005733378930017352
494,0,0.04602717235684395
494,1,0.0005948116886429489
494,2,0.0004938531783409417
495,0,0.04606056213378906
495,1,0.0005697723827324808
495,2,0.0005747813847847283
496,0,0.04353449493646622
496,1,0.0006025032489560544
496,2,0.0005970129277557135
497,0,0.04511599987745285
497,1,0.0006245901458896697
497,2,0.0005515259108506143
498,0,0.044379375874996185
498,1,0.0006997906020842493
498,2,0.0006411717622540891
499,0,0.04682569205760956
499,1,0.0006709334556944668
499,2,0.0005752873257733881
500,0,0.04749218374490738
500,1,0.0006383070140145719
500,2,0.0005645807250402868
501,0,0.047620419412851334
501,1,0.0006169200642034411
501,2,0.0005701952031813562
502,0,0.04725704342126846
502,1,0.0006080077146179974
502,2,0.0006258502253331244
503,0,0.04657573252916336
503,1,0.0006184444646351039
503,2,0.0005626691272482276
504,0,0.0481310673058033
504,1,0.0006094590644352138
504,2,0.0005336744943633676
505,0,0.049498051404953
505,1,0.000619609490968287
505,2,0.0006423728773370385
506,0,0.0501457080245018
506,1,0.0006410263595171273
506,2,0.0006372779025696218
507,0,0.04881124198436737
507,1,0.0006004375172778964
507,2,0.0005966117023490369
508,0,0.04729735478758812
508,1,0.0006205902900546789
508,2,0.0004927943809889257
509,0,0.044617027044296265
509,1,0.0006166542880237103
509,2,0.00047524255933240056
510,0,0.04767968878149986
510,1,0.0005691011901944876
510,2,0.00046351307537406683
511,0,0.0468955896794796
511,1,0.0006540606264024973
511,2,0.0005588503554463387
512,0,0.04626734182238579
512,1,0.000614991644397378
512,2,0.0004957604687660933
513,0,0.04902110993862152
513,1,0.000711742730345577
513,2,0.0006230621365830302
514,0,0.04647045210003853
514,1,0.0005943868891336024
514,2,0.0005129947676323354
515,0,0.04697110876441002
515,1,0.000642287777736783
515,2,0.0004458890180103481
516,0,0.04544995352625847
516,1,0.0006197679904289544
516,2,0.0004426398954819888
517,0,0.04605783894658089
517,1,0.0005904046702198684
517,2,0.000500724243465811
518,0,0.04425528645515442
518,1,0.0005993253435008228
518,2,0.000417085102526471
519,0,0.04707309231162071
519,1,0.0005838276701979339
519,2,0.00038258335553109646
520,0,0.04737051576375961
520,1,0.0006388299516402185
520,2,0.00042016120278276503
521,0,0.045151494443416595
521,1,0.0005581045988947153
521,2,0.00039779540384188294
522,0,0.05065183341503143
522,1,0.0006516987923532724
522,2,0.00044816703302785754
523,0,0.04680432006716728
523,1,0.0006321279215626419
523,2,0.00046480275341309607
524,0,0.04754815995693207
524,1,0.0005704935756511986
524,2,0.0004540325317066163
525,0,0.04422977194190025
525,1,0.0006001073634251952
525,2,0.0005455358186736703
526,0,0.043236080557107925
526,1,0.0005787870031781495
526,2,0.0006029963842593133
527,0,0.04733606055378914
527,1,0.0005214645643718541
527,2,0.00041804907959885895
528,0,0.04473528638482094
528,1,0.0005678944289684296
528,2,0.00037506117951124907
529,0,0.04755263403058052
529,1,0.0005723295034840703
529,2,0.0004497863119468093
530,0,0.04747605323791504
530,1,0.0005545413005165756
530,2,0.00047700866707600653
531,0,0.04691855236887932
531,1,0.0006204838282428682
531,2,0.00048180492012761533
532,0,0.045599788427352905
532,1,0.0005823849933221936
532,2,0.000534184742718935
533,0,0.04658477008342743
533,1,0.0005712386919185519
533,2,0.0004275395767763257
534,0,0.04489593207836151
534,1,0.000534298422280699
534,2,0.0004305437614675611
535,0,0.04684748128056526
535,1,0.0006373931537382305
535,2,0.0004462437645997852
536,0,0.04637541249394417
536,1,0.0006437766132876277
536,2,0.0004933386808261275
537,0,0.04669836163520813
537,1,0.0005866907886229455
537,2,0.0004182965203654021
538,0,0.046424683183431625
538,1,0.0005452881450764835
538,2,0.00038490185397677124
539,0,0.04984288290143013
539,1,0.0005587186315096915
539,2,0.0004169779422227293
540,0,0.04508503898978233
540,1,0.0005890691536478698
540,2,0.00040221225935965776
541,0,0.044289350509643555
541,1,0.0005818165373057127
541,2,0.00038441517972387373
542,0,0.04705488309264183
542,1,0.0006575436564162374
542,2,0.00045586354099214077
543,0,0.04632384330034256
543,1,0.0005981806316412985
543,2,0.0004266033647581935
544,0,0.0491306446492672
544,1,0.0005490047624334693
544,2,0.0003805752203334123
545,0,0.04502635449171066
545,1,0.0006069577066227794
545,2,0.0004098217759747058
546,0,0.04623318463563919
546,1,0.0006532338447868824
546,2,0.000542206282261759
547,0,0.04625861346721649
547,1,0.0006092133116908371
547,2,0.0004937088815495372
548,0,0.04430648684501648
548,1,0.0006313499179668725
548,2,0.0004769094521179795
549,0,0.049567610025405884
549,1,0.0005618113791570067
549,2,0.00048757134936749935
550,0,0.049377307295799255
550,1,0.0006494650733657181
550,2,0.0004938649362884462
551,0,0.04773465171456337
551,1,0.000592225871514529
551,2,0.0004091708979103714
552,0,0.04927752539515495
552,1,0.0005736729362979531
552,2,0.00045078960829414427
553,0,0.044488463550806046
553,1,0.0005969118210487068
553,2,0.0004905718960799277
554,0,0.04835563153028488
554,1,0.0006430392968468368
554,2,0.0005891042528674006
555,0,0.048611417412757874
555,1,0.0006341678090393543
555,2,0.0006949084927327931
556,0,0.05055668205022812
556,1,0.0005734322476200759
556,2,0.0005298986216075718
557,0,0.048918500542640686
557,1,0.0006293802289292216
557,2,0.0005557120312005281
558,0,0.04728200286626816
558,1,0.0006332578486762941
558,2,0.000528789940290153
559,0,0.04771288484334946
559,1,0.000640175596345216
559,2,0.0005275972071103752
560,0,0.048942264169454575
560,1,0.0005708907847292721
560,2,0.0004921765648759902
561,0,0.04541952535510063
561,1,0.0006309509626589715
561,2,0.0004528770805336535
562,0,0.04252851381897926
562,1,0.0005842268001288176
562,2,0.00044713105307891965
563,0,0.04586831107735634
563,1,0.0005519193946383893
563,2,0.00036587248905561864
564,0,0.04691266268491745
564,1,0.0005861804238520563
564,2,0.0003358779940754175
565,0,0.04742620140314102
565,1,0.0005247964290902019
565,2,0.0002918918617069721
566,0,0.04685411974787712
566,1,0.0005795200704596937
566,2,0.00032578365062363446
567,0,0.0470876581966877
567,1,0.000509684206917882
567,2,0.0003034654073417187
568,0,0.046976007521152496
568,1,0.0005243272753432393
568,2,0.00029612184152938426
569,0,0.05084860697388649
569,1,0.0005475310026668012
569,2,0.0002963356673717499
570,0,0.04746711254119873
570,1,0.0005848808796145022
570,2,0.0003448166244197637
571,0,0.049550704658031464
571,1,0.000613784824963659
571,2,0.0003457196871750057
572,0,0.04584355652332306
572,1,0.0005765454843640327
572,2,0.0003219103964511305
573,0,0.05094645917415619
573,1,0.0005716174491681159
573,2,0.00034650624729692936
574,0,0.05027125030755997
574,1,0.0005362270167097449
574,2,0.00034034112468361855
575,0,0.04783722758293152
575,1,0.0006126426160335541
575,2,0.0003291775065008551
576,0,0.04626116529107094
576,1,0.0005392557941377163
576,2,0.0003606242244131863
577,0,0.04693187028169632
577,1,0.0005334375309757888
577,2,0.00032228269265033305
578,0,0.04910285025835037
578,1,0.0005963690928183496
578,2,0.0003210102440789342
579,0,0.0441470593214035
579,1,0.000589092553127557
579,2,0.0003128433891106397
580,0,0.048461247235536575
580,1,0.0005171055090613663
580,2,0.0003298120864201337
581,0,0.04601481556892395
581,1,0.0005269180983304977
581,2,0.0003652934974525124
582,0,0.0461154468357563
582,1,0.0005808533169329166
582,2,0.00035698703140951693
583,0,0.04693521186709404
583,1,0.0005595508846454322
583,2,0.0003388920158613473
584,0,0.04646863415837288
584,1,0.000559604202862829
584,2,0.00033275980968028307
585,0,0.04652322083711624
585,1,0.000582322885747999
585,2,0.0003605712845455855
586,0,0.047949258238077164
586,1,0.0005529438494704664
586,2,0.0003433592210058123
587,0,0.04827585443854332
587,1,0.0005524165462702513
587,2,0.0003308545856270939
588,0,0.0450444370508194
588,1,0.0005488095921464264
588,2,0.00033332599559798837
589,0,0.04461997002363205
589,1,0.0005174347315914929
589,2,0.0003153193974867463
590,0,0.04572116956114769
590,1,0.00048454967327415943
590,2,0.00035626048338599503
591,0,0.047316644340753555
591,1,0.0005025416030548513
591,2,0.0003396325628273189
592,0,0.04730904847383499
592,1,0.00060049764579162
592,2,0.000376669893739745
593,0,0.04842509329319
593,1,0.000591076968703419
593,2,0.0004549761943053454
594,0,0.048231154680252075
594,1,0.0005615366972051561
594,2,0.00042001809924840927
595,0,0.044430363923311234
595,1,0.0005591767258010805
595,2,0.0004518442146945745
596,0,0.043675776571035385
596,1,0.0005500737461261451
596,2,0.0004019524494651705
597,0,0.04766690358519554
597,1,0.0005394030595198274
597,2,0.0004240444104652852
598,0,0.05015577748417854
598,1,0.0005559886340051889
598,2,0.0003918661968782544
599,0,0.049138106405735016
599,1,0.0005550591158680618
599,2,0.0004289154021535069
600,0,0.04842390865087509
600,1,0.0005905417492613196
600,2,0.00039573205867782235
601,0,0.04439997300505638
601,1,0.0005534601514227688
601,2,0.00034107823739759624
602,0,0.0475459024310112
602,1,0.0005268436507321894
602,2,0.0003733207122422755
603,0,0.044210273772478104
603,1,0.0005669377278536558
603,2,0.000392164452932775
604,0,0.047502920031547546
604,1,0.0005634266417473555
604,2,0.00035464036045596004
605,0,0.04929041489958763
605,1,0.0005316243041306734
605,2,0.00038002809742465615
606,0,0.04830062389373779
606,1,0.0005834089242853224
606,2,0.00044976058416068554
607,0,0.043630167841911316
607,1,0.0005766836111433804
607,2,0.000511575723066926
608,0,0.046988289803266525
608,1,0.0005685201613232493
608,2,0.0005211652023717761
609,0,0.04643144831061363
609,1,0.0005743150832131505
609,2,0.0006428557098843157
610,0,0.05040797218680382
610,1,0.0005894910427741706
610,2,0.0007774958503432572
611,0,0.04841156303882599
611,1,0.0005738263134844601
611,2,0.0005967742181383073
612,0,0.04548371955752373
612,1,0.0005781568470411003
612,2,0.0005541133577935398
613,0,0.049179963767528534
613,1,0.0006400162819772959
613,2,0.0005922617856413126
614,0,0.04688653722405434
614,1,0.0005060925032012165
614,2,0.00046736077638342977
615,0,0.04706675931811333
615,1,0.0005794959142804146
615,2,0.000428040191764012
616,0,0.04526346176862717
616,1,0.0005872307228855789
616,2,0.0004001485067419708
617,0,0.04838093742728233
617,1,0.0005728763644583523
617,2,0.0003472142561804503
618,0,0.04534866660833359
618,1,0.0005734593723900616
618,2,0.0003729152667801827
619,0,0.050528474152088165
619,1,0.0005711196572519839
619,2,0.0003852637601085007
620,0,0.051056455820798874
620,1,0.0005477346130646765
620,2,0.0003269211738370359
621,0,0.046673815697431564
621,1,0.0005592212546616793
621,2,0.00028913034475408494
622,0,0.04593174532055855
622,1,0.00048366401460953057
622,2,0.00026341949705965817
623,0,0.04882260784506798
623,1,0.0005299851181916893
623,2,0.00025291446945630014
624,0,0.050351470708847046
624,1,0.0005606221384368837
624,2,0.0002547086915001273
625,0,0.04584634304046631
625,1,0.0005218862788751721
625,2,0.0002640460734255612
626,0,0.044686101377010345
626,1,0.0005871403263881803
626,2,0.00031724153086543083
627,0,0.04819869250059128
627,1,0.0005413049948401749
627,2,0.00027322492678649724
628,0,0.045593224465847015
628,1,0.0005056950030848384
628,2,0.00027174068964086473
629,0,0.04662460461258888
629,1,0.0005669042584486306
629,2,0.0002702212077565491
630,0,0.04933677241206169
630,1,0.0005374217871576548
630,2,0.0002526948810555041
631,0,0.048858415335416794
631,1,0.0005071144551038742
631,2,0.00026895414339378476
632,0,0.04701125621795654
632,1,0.0005939509137533605
632,2,0.0002870101889129728
633,0,0.04405730217695236
633,1,0.0004825394134968519
633,2,0.00028090551495552063
634,0,0.05180469900369644
634,1,0.0005155982216820121
634,2,0.0002776383771561086
635,0,0.04559740796685219
635,1,0.000499164976645261
635,2,0.0002461217809468508
636,0,0.0491885244846344
636,1,0.0005478593520820141
636,2,0.00026166229508817196
637,0,0.04571409523487091
637,1,0.000544209498912096
637,2,0.00026885789702646434
638,0,0.050288788974285126
638,1,0.0005597054841928184
638,2,0.00025797844864428043
639,0,0.04589741677045822
639,1,0.0005398719804361463
639,2,0.00028592775925062597
640,0,0.04777827486395836
640,1,0.0004917583428323269
640,2,0.00026736705331131816
641,0,0.04818408936262131
641,1,0.0005026807775720954
641,2,0.00028088147519156337
642,0,0.04980159550905228
642,1,0.0005373410531319678
642,2,0.00032824630034156144
643,0,0.04835973307490349
643,1,0.0005544215673580766
643,2,0.000374916271539405
644,0,0.04603051394224167
644,1,0.0005240562604740262
644,2,0.000328696594806388
645,0,0.04996773600578308
645,1,0.0005174881662242115
645,2,0.0003140381595585495
646,0,0.04333629831671715
646,1,0.0005035102367401123
646,2,0.0002948110632132739
647,0,0.04729589819908142
647,1,0.0004921411746181548
647,2,0.00027262300136499107
648,0,0.04848700389266014
648,1,0.0005016819923184812
648,2,0.00025357777485623956
649,0,0.04746623709797859
649,1,0.0005408947472460568
649,2,0.00027086891350336373
650,0,0.046045705676078796
650,1,0.0005636522546410561
650,2,0.0002773652959149331
651,0,0.04809418320655823
651,1,0.000532010046299547
651,2,0.0002867619914468378
652,0,0.044579386711120605
652,1,0.0004974926705472171
652,2,0.0002828902506735176
653,0,0.04417039826512337
653,1,0.0004877144529018551
653,2,0.0002718725008890033
654,0,0.04668794199824333
654,1,0.0004885498201474547
654,2,0.00024004752049222589
655,0,0.048621658235788345
655,1,0.0005349640268832445
655,2,0.0002444100973661989
656,0,0.04674949124455452
656,1,0.0005137555417604744
656,2,0.00025236906367354095
657,0,0.04816598817706108
657,1,0.000542486784979701
657,2,0.00028428324731066823
658,0,0.04791972413659096
658,1,0.0005290438421070576
658,2,0.0002679128374438733
659,0,0.046417903155088425
659,1,0.0004895432502962649
659,2,0.0002872679033316672
660,0,0.048460811376571655
660,1,0.0004925145185552537
660,2,0.0002735994348768145
661,0,0.048109300434589386
661,1,0.0004708576016128063
661,2,0.0002888735616579652
662,0,0.05074229836463928
662,1,0.0004853035497944802
662,2,0.00025672640185803175
663,0,0.04703769460320473
663,1,0.0005046562291681767
663,2,0.00024691876024007797
664,0,0.0478629544377327
664,1,0.000493004685267806
664,2,0.00028089614352211356
665,0,0.05076868459582329
665,1,0.0005229014786891639
665,2,0.00026006560074165463
666,0,0.0450328029692173
666,1,0.0004948923015035689
666,2,0.00023362327192444354
667,0,0.049972936511039734
667,1,0.0005082093994133174
667,2,0.00023080914979800582
668,0,0.04689162224531174
668,1,0.0005060670082457364
668,2,0.0002566921175457537
669,0,0.04692353680729866
669,1,0.0004617984814103693
669,2,0.00030429873731918633
670,0,0.047807902097702026
670,1,0.0005428505828604102
670,2,0.000282434921246022
671,0,0.04270229861140251
671,1,0.000526930030900985
671,2,0.0003134533471893519
672,0,0.046615127474069595
672,1,0.0005166843766346574
672,2,0.00027762301033362746
673,0,0.049356527626514435
673,1,0.00048016279470175505
673,2,0.00027174080605618656
674,0,0.04862380027770996
674,1,0.000513206294272095
674,2,0.00028142554219812155
675,0,0.045727167278528214
675,1,0.0004915269673801959
675,2,0.0002548334305174649
676,0,0.043251361697912216
676,1,0.00045343206147663295
676,2,0.00023824305390007794
677,0,0.049382533878088
677,1,0.0005243258201517165
677,2,0.00022330184583552182
678,0,0.05139558017253876
678,1,0.0004931078292429447
678,2,0.0002270159893669188
679,0,0.045874908566474915
679,1,0.000503330840729177
679,2,0.0002481450792402029
680,0,0.048626672476530075
680,1,0.0005435468046925962
680,2,0.00025456451112404466
681,0,0.05022098124027252
681,1,0.00047956613707356155
681,2,0.00024855538504198194
682,0,0.044273629784584045
682,1,0.00047663351870141923
682,2,0.00028179981745779514
683,0,0.04588780179619789
683,1,0.0004948492278344929
683,2,0.0002441113319946453
684,0,0.04450362175703049
684,1,0.0004558452346827835
684,2,0.00022253193310461938
685,0,0.04971730709075928
685,1,0.0004887223476544023
685,2,0.00020911905448883772
686,0,0.04489867389202118
686,1,0.00043220713268965483
686,2,0.00020736998703796417
687,0,0.0459650456905365
687,1,0.0005495009827427566
687,2,0.00024125973868649453
688,0,0.0454365611076355
688,1,0.000490250822622329
688,2,0.0002677822776604444
689,0,0.046921975910663605
689,1,0.0005060571129433811
689,2,0.0002194193803006783
690,0,0.04778769612312317
690,1,0.0004918695194646716
690,2,0.0002492331841494888
691,0,0.048503145575523376
691,1,0.000522647169418633
691,2,0.00025657215155661106
692,0,0.04626165330410004
692,1,0.00047267955960705876
692,2,0.0002481594274286181
693,0,0.04647458344697952
693,1,0.00046981964260339737
693,2,0.00022884219652041793
694,0,0.04750843346118927
694,1,0.000489784695673734
694,2,0.00022685826115775853
695,0,0.04563021659851074
695,1,0.0005043608834967017
695,2,0.00023337974562309682
696,0,0.04987546056509018
696,1,0.000468141253804788
696,2,0.0002321711799595505
697,0,0.047291286289691925
697,1,0.0004905156674794853
697,2,0.0002466142759658396
698,0,0.04705630987882614
698,1,0.0004821478796657175
698,2,0.0002439717500237748
699,0,0.04459656402468681
699,1,0.000467599427793175
699,2,0.00022224782151170075
700,0,0.04715149849653244
700,1,0.00046690748422406614
700,2,0.0002275847364217043
701,0,0.04683110862970352
701,1,0.00043828986235894263
701,2,0.00022043126227799803
702,0,0.04830238223075867
702,1,0.0004937298945151269
702,2,0.00022846758656669408
703,0,0.04751913994550705
703,1,0.00048040435649454594
703,2,0.00024092101375572383
704,0,0.04474712908267975
704,1,0.0004298762942198664
704,2,0.0002129357890225947
705,0,0.04870134964585304
705,1,0.00048483230057172477
705,2,0.0002427864383207634
706,0,0.04614197835326195
706,1,0.00047666364116594195
706,2,0.00021492873202078044
707,0,0.047356829047203064
707,1,0.00046649258001707494
707,2,0.0002333197189727798
708,0,0.047632019966840744
708,1,0.0004431376000866294
708,2,0.0002185327175538987
709,0,0.04465176910161972
709,1,0.00043895147973671556
709,2,0.00022675645595882088
710,0,0.045696742832660675
710,1,0.0004679310950450599
710,2,0.0002203989279223606
711,0,0.04455514997243881
711,1,0.0004895038437098265
711,2,0.00022793430252932012
712,0,0.04676225781440735
712,1,0.00047426935634575784
712,2,0.00024156989820767194
713,0,0.046477336436510086
713,1,0.0005363706732168794
713,2,0.00024206387752201408
714,0,0.04428204521536827
714,1,0.0004285435425117612
714,2,0.00021197232126723975
715,0,0.04549413546919823
715,1,0.0004440508200787008
715,2,0.00019765387696679682
716,0,0.04331924021244049
716,1,0.0004327147617004812
716,2,0.00020015072368551046
717,0,0.050282929092645645
717,1,0.0004925223183818161
717,2,0.00019199699454475194
718,0,0.048374153673648834
718,1,0.00043766683666035533
718,2,0.00021481688600033522
719,0,0.047620613127946854
719,1,0.0004753192188218236
719,2,0.0002013463235925883
720,0,0.04707840830087662
720,1,0.00045380208757705986
720,2,0.0002099982521031052
721,0,0.04663516581058502
721,1,0.0004465517995413393
721,2,0.00022627330326940864
722,0,0.0475795678794384
722,1,0.0004630069015547633
722,2,0.0002084229636238888
723,0,0.04770756512880325
723,1,0.00044039590284228325
723,2,0.0001985459530260414
724,0,0.045086171478033066
724,1,0.00043272977927699685
724,2,0.00019676770898513496
725,0,0.044080816209316254
725,1,0.00039610735257156193
725,2,0.00018607436504680663
726,0,0.04634018987417221
726,1,0.0004320979933254421
726,2,0.00018132403783965856
727,0,0.04788382351398468
727,1,0.0004603738198056817
727,2,0.00019768861238844693
728,0,0.04635642468929291
728,1,0.0004959228681400418
728,2,0.00019768350466620177
729,0,0.04671230539679527
729,1,0.0004781798634212464
729,2,0.00019534866441972554
730,0,0.04512840136885643
730,1,0.0004249547200743109
730,2,0.00021241689682938159
731,0,0.045516371726989746
731,1,0.0004985611885786057
731,2,0.00020183126616757363
732,0,0.047149766236543655
732,1,0.0004430105909705162
732,2,0.0001908181147882715
733,0,0.045785095542669296
733,1,0.0004597376100718975
733,2,0.0001906012330437079
734,0,0.04478331655263901
734,1,0.0004807457735296339
734,2,0.0002057865640381351
735,0,0.04836061969399452
735,1,0.00044884474482387304
735,2,0.00019186032295692712
736,0,0.04520002752542496
736,1,0.00045542893349193037
736,2,0.0001937401102622971
737,0,0.0468095988035202
737,1,0.0004159055242780596
737,2,0.00019052754214499146
738,0,0.04664519429206848
738,1,0.0004575545899569988
738,2,0.00020624716125894338
739,0,0.047610338777303696
739,1,0.00040853230166248977
739,2,0.00017887807916849852
740,0,0.04459021985530853
740,1,0.00043820092105306685
740,2,0.000191112223546952
741,0,0.04309083893895149
741,1,0.0004208566970191896
741,2,0.00019017177692148834
742,0,0.04649006947875023
742,1,0.00046259723603725433
742,2,0.0001947270066011697
743,0,0.04669586196541786
743,1,0.0004571949830278754
743,2,0.00018587411614134908
744,0,0.04515894502401352
744,1,0.0004320317239034921
744,2,0.0001873660075943917
745,0,0.046233098953962326
745,1,0.00041112309554591775
745,2,0.0001833010755944997
746,0,0.044170137494802475
746,1,0.0004314423422329128
746,2,0.00017810059944167733
747,0,0.044471625238657
747,1,0.00044249522034078836
747,2,0.00017831282457336783
748,0,0.0447431318461895
748,1,0.0004134445625822991
748,2,0.00017238692089449614
749,0,0.04425590857863426
749,1,0.0004063703236170113
749,2,0.0001729413343127817
750,0,0.047551341354846954
750,1,0.0003894559049513191
750,2,0.00016199814854189754
751,0,0.04563464596867561
751,1,0.00042816463974304497
751,2,0.00018352294864598662
752,0,0.045951664447784424
752,1,0.00046319220564328134
752,2,0.00019087486725766212
753,0,0.047511275857686996
753,1,0.0004519681097008288
753,2,0.0001843935315264389
754,0,0.045261647552251816
754,1,0.00043414143146947026
754,2,0.00017107815074268728
755,0,0.04706709831953049
755,1,0.0004588107985910028
755,2,0.0001675281091593206
756,0,0.04408462718129158
756,1,0.0004211197083350271
756,2,0.00017177735571749508
757,0,0.04865776002407074
757,1,0.00041114146006293595
757,2,0.00016673818754497916
758,0,0.04902740567922592
758,1,0.00042312705772928894
758,2,0.0001619081012904644
759,0,0.04722162336111069
759,1,0.00039768984424881637
759,2,0.00015733922191429883
760,0,0.048972535878419876
760,1,0.00045018072705715895
760,2,0.00016367362695746124
761,0,0.045760076493024826
761,1,0.0004281990113668144
761,2,0.0001658199034864083
762,0,0.046365223824977875
762,1,0.00045787752605974674
762,2,0.00017231145466212183
763,0,0.046698667109012604
763,1,0.00045017365482635796
763,2,0.00015857082325965166
764,0,0.04501401633024216
764,1,0.00043350833584554493
764,2,0.0001634976506466046
765,0,0.045757077634334564
765,1,0.0003998482134193182
765,2,0.00016860594041645527
766,0,0.048399634659290314
766,1,0.0004079661157447845
766,2,0.0001599922397872433
767,0,0.04723367467522621
767,1,0.00038222968578338623
767,2,0.00015906109183561057
768,0,0.04449070617556572
768,1,0.0004110825539100915
768,2,0.00015806028386577964
769,0,0.04828283190727234
769,1,0.00043119912152178586
769,2,0.00015920563600957394
770,0,0.045611005276441574
770,1,0.0004240302077960223
770,2,0.00015224140952341259
771,0,0.045171670615673065
771,1,0.0004289087955839932
771,2,0.00015599447942804545
772,0,0.0448475182056427
772,1,0.0004101896774955094
772,2,0.00015637495380360633
773,0,0.04792912304401398
773,1,0.00043450805242173374
773,2,0.00015510844241362065
774,0,0.04657695069909096
774,1,0.00045009967288933694
774,2,0.00016962955123744905
775,0,0.045847974717617035
775,1,0.00047658293624408543
775,2,0.0001776970166247338
776,0,0.04582348093390465
776,1,0.0004246753524057567
776,2,0.00016529917775187641
777,0,0.04502801597118378
777,1,0.00038902185042388737
777,2,0.0001616257504792884
778,0,0.046736184507608414
778,1,0.00044523217366077006
778,2,0.00016345309268217534
779,0,0.046556662768125534
779,1,0.0003776998782996088
779,2,0.00015912478556856513
780,0,0.04687207192182541
780,1,0.0004360994789749384
780,2,0.00016339364810846746
781,0,0.047449178993701935
781,1,0.0004354023258201778
781,2,0.0001543221587780863
782,0,0.04415270686149597
782,1,0.0003367563185747713
782,2,0.00015604629879817367
783,0,0.049787599593400955
783,1,0.00042418239172548056
783,2,0.00015034749230835587
784,0,0.045753803104162216
784,1,0.00042190999374724925
784,2,0.00015267608978319913
785,0,0.047508977353572845
785,1,0.0004625063738785684
785,2,0.0001567314175190404
786,0,0.04631456360220909
786,1,0.0003581601195037365
786,2,0.0001510854490334168
787,0,0.04585716128349304
787,1,0.00038384069921448827
787,2,0.0001539283839520067
788,0,0.04590679332613945
788,1,0.0003980443289037794
788,2,0.0001549984299344942
789,0,0.044321030378341675
789,1,0.00039447934250347316
789,2,0.0001604450080776587
790,0,0.05112299695611
790,1,0.00037279786192812026
790,2,0.00015708831779193133
791,0,0.04855305328965187
791,1,0.0003940062306355685
791,2,0.0001560099917696789
792,0,0.04629487544298172
792,1,0.00041737480205483735
792,2,0.00014933069178368896
793,0,0.048302434384822845
793,1,0.0004174273053649813
793,2,0.0001521259400760755
794,0,0.04469327628612518
794,1,0.0004179353127256036
794,2,0.00014494750939775258
795,0,0.04762151092290878
795,1,0.00041383280768059194
795,2,0.00014533444482367486
796,0,0.04585415869951248
796,1,0.0004251672071404755
796,2,0.00014866958372294903
797,0,0.04488898813724518
797,1,0.0003950617974624038
797,2,0.00013307500921655446
798,0,0.044960930943489075
798,1,0.0003784548316616565
798,2,0.00013979428331367671
799,0,0.04661836102604866
799,1,0.00041457978659309447
799,2,0.0001446506503270939
800,0,0.04489272087812424
800,1,0.0004085889959242195
800,2,0.00014568552433047444
801,0,0.04375282675027847
801,1,0.0004041767679154873
801,2,0.00014646111230831593
802,0,0.04876737296581268
802,1,0.0004063741653226316
802,2,0.000129568375996314
803,0,0.04509992524981499
803,1,0.00038602904533036053
803,2,0.00013651496556121856
804,0,0.046823665499687195
804,1,0.00041562228580005467
804,2,0.00014006480341777205
805,0,0.04637504741549492
805,1,0.00041190002229996026
805,2,0.00014340535562951118
806,0,0.04635070264339447
806,1,0.00044293992687016726
806,2,0.00015164485375862569
807,0,0.04713673144578934
807,1,0.00040969435940496624
807,2,0.00013976967602502555
808,0,0.042583856731653214
808,1,0.0004362047475297004
808,2,0.00015515276754740626
809,0,0.04648858681321144
809,1,0.00044832847197540104
809,2,0.00014779536286368966
810,0,0.044391971081495285
810,1,0.0003760904655791819
810,2,0.00013848213711753488
811,0,0.04519728571176529
811,1,0.0004068527778144926
811,2,0.00013444785145111382
812,0,0.04730095714330673
812,1,0.0004419635806698352
812,2,0.00015456965775229037
813,0,0.04765404760837555
813,1,0.0004070105205755681
813,2,0.00013472713180817664
814,0,0.04463610425591469
814,1,0.0004020782362204045
814,2,0.000138585310196504
815,0,0.04706687852740288
815,1,0.00037792939110659063
815,2,0.00013345507613848895
816,0,0.04742445424199104
816,1,0.0003937087021768093
816,2,0.00013026349188294262
817,0,0.04608219116926193
817,1,0.00045093666994944215
817,2,0.0001531565358163789
818,0,0.04461269453167915
818,1,0.0003716148203238845
818,2,0.0001435748563380912
819,0,0.04574806988239288
819,1,0.0003802176215685904
819,2,0.00013490108540281653
820,0,0.044526606798172
820,1,0.00042170699452981353
820,2,0.00014303265197668225
821,0,0.047304145991802216
821,1,0.0004059751227032393
821,2,0.0001365813659504056
822,0,0.044493891298770905
822,1,0.00039672100683674216
822,2,0.00013374219997785985
823,0,0.04760502651333809
823,1,0.00042478746036067605
823,2,0.0001415849692421034
824,0,0.048472702503204346
824,1,0.00041360544855706394
824,2,0.00013582683459389955
825,0,0.0477292463183403
825,1,0.00038301158929243684
825,2,0.00012986830552108586
826,0,0.0431167371571064
826,1,0.0003784207801800221
826,2,0.00013162738468963653
827,0,0.04769977554678917
827,1,0.0003856878320220858
827,2,0.00013533201126847416
828,0,0.0445583313703537
828,1,0.00041001042700372636
828,2,0.00014073359488975257
829,0,0.04670137166976929
829,1,0.00042219972237944603
829,2,0.00014347664546221495
830,0,0.04587665945291519
830,1,0.0003937597793992609
830,2,0.00012561272887978703
831,0,0.04484129697084427
831,1,0.00038051127921789885
831,2,0.00012542057083919644
832,0,0.0456504262983799
832,1,0.000418853887822479
832,2,0.00013895062147639692
833,0,0.047667019069194794
833,1,0.0004019351617898792
833,2,0.0001273346715606749
834,0,0.04583034664392471
834,1,0.000409345724619925
834,2,0.00012710955343209207
835,0,0.04677097126841545
835,1,0.00038460749783553183
835,2,0.0001221626007463783
836,0,0.04504182189702988
836,1,0.0003865265753120184
836,2,0.0001191839764942415
837,0,0.04399116709828377
837,1,0.00038272797246463597
837,2,0.00012101305765099823
838,0,0.04575827717781067
838,1,0.0003880326694343239
838,2,0.00011048682790715247
839,0,0.047573111951351166
839,1,0.0003950419195462018
839,2,0.00011487233859952539
840,0,0.04406280815601349
840,1,0.0004131271271035075
840,2,0.00011848299618577585
841,0,0.044697828590869904
841,1,0.0004303316818550229
841,2,0.00012767019507009536
842,0,0.04400947690010071
842,1,0.00041901637450791895
842,2,0.0001385539653711021
843,0,0.04725390300154686
843,1,0.0004042607615701854
843,2,0.00012554906425066292
844,0,0.04612221196293831
844,1,0.00038675247924402356
844,2,0.00012481081648729742
845,0,0.04173074662685394
845,1,0.0003872310626320541
845,2,0.0001224180159624666
846,0,0.044958874583244324
846,1,0.00039054706576280296
846,2,0.00011479101522127166
847,0,0.04661263898015022
847,1,0.0003562162455637008
847,2,0.00012066063209204003
848,0,0.04726992920041084
848,1,0.00038725859485566616
848,2,0.00012507870269473642
849,0,0.04622620344161987
849,1,0.00037135035381652415
849,2,0.000114030422992073
850,0,0.04436745494604111
850,1,0.00041226926259696484
850,2,0.00012970154057256877
851,0,0.04675520583987236
851,1,0.000416996655985713
851,2,0.00011804881796706468
852,0,0.046496812254190445
852,1,0.00037921059993095696
852,2,0.00011134488886455074
853,0,0.04555581137537956
853,1,0.00036918564001098275
853,2,0.00011117658141301945
854,0,0.04265522584319115
854,1,0.0003860307624563575
854,2,0.00011196408013347536
855,0,0.04651864245533943
855,1,0.00036673518479801714
855,2,0.00011562105646589771
856,0,0.04634660482406616
856,1,0.00036483138683252037
856,2,0.00010334947728551924
857,0,0.04718617722392082
857,1,0.0003983337664976716
857,2,0.00011283241474302486
858,0,0.045962490141391754
858,1,0.000356188858859241
858,2,0.00010478062176844105
859,0,0.04664770886301994
859,1,0.00042246829252690077
859,2,0.0001176481309812516
860,0,0.04624470695853233
860,1,0.0003947968070860952
860,2,0.00011491865734569728
861,0,0.046001434326171875
861,1,0.00035810089320875704
861,2,0.00010698480036808178
862,0,0.04760654643177986
862,1,0.000361408747266978
862,2,0.00010462163481861353
863,0,0.04571840167045593
863,1,0.0003963276685681194
863,2,0.00011791361612267792
864,0,0.04595949128270149
864,1,0.00040744454599916935
864,2,0.00011382698721718043
865,0,0.047965116798877716
865,1,0.0003915982670150697
865,2,0.00011391947191441432
866,0,0.045056380331516266
866,1,0.0004301816807128489
866,2,0.00011564720625756308
867,0,0.04454817995429039
867,1,0.000394193222746253
867,2,0.00010652041964931414
868,0,0.04689439758658409
868,1,0.00038554714410565794
868,2,0.00010582611139398068
869,0,0.04641420766711235
869,1,0.0004014107398688793
869,2,0.00010543555981712416
870,0,0.04328450188040733
870,1,0.00036351228482089937
870,2,0.00010804424528032541
871,0,0.04712000489234924
871,1,0.00039917981484904885
871,2,0.00010353529069107026
872,0,0.04333138465881348
872,1,0.000372469425201416
872,2,0.00010349497460993007
873,0,0.0458427332341671
873,1,0.0003932953695766628
873,2,9.683725511422381e-05
874,0,0.04549505561590195
874,1,0.0004056135949213058
874,2,0.0001101417001336813
875,0,0.0477091521024704
875,1,0.00036515851388685405
875,2,0.00010525237303227186
876,0,0.04486766830086708
876,1,0.00037367449840530753
876,2,0.00010969013237627223
877,0,0.0473775751888752
877,1,0.0003458082501310855
877,2,0.00010506983380764723
878,0,0.04725193604826927
878,1,0.0004025964590255171
878,2,0.00010157349606743082
879,0,0.04577528312802315
879,1,0.0004193765635136515
879,2,0.00010808692604769021
880,0,0.047938182950019836
880,1,0.0003641001821961254
880,2,0.000100861863757018
881,0,0.04713411629199982
881,1,0.00037720752879977226
881,2,0.00010256974201183766
882,0,0.04541660472750664
882,1,0.00037367292679846287
882,2,0.0001021100688376464
883,0,0.04493504762649536
883,1,0.0003673243336379528
883,2,9.557376324664801e-05
884,0,0.04652167111635208
884,1,0.0003974256687797606
884,2,9.88730025710538e-05
885,0,0.04557430371642113
885,1,0.0003770755138248205
885,2,9.463742753723636e-05
886,0,0.044676780700683594
886,1,0.00039478804683312774
886,2,0.00010462872887728736
887,0,0.04643165320158005
887,1,0.0003309081948827952
887,2,9.365473670186475e-05
888,0,0.04498068615794182
888,1,0.00038217194378376007
888,2,0.00010362426837673411
889,0,0.047265950590372086
889,1,0.00039477652171626687
889,2,9.812704229261726e-05
890,0,0.04991745576262474
890,1,0.0003597432223614305
890,2,9.442503505852073e-05
891,0,0.0463123545050621
891,1,0.00040165556129068136
891,2,0.00010068875417346135
892,0,0.04530530795454979
892,1,0.0003887922503054142
892,2,0.00010537179332459345
893,0,0.04573233798146248
893,1,0.0003648755082394928
893,2,8.867309952620417e-05
894,0,0.04157274588942528
894,1,0.00037924933712929487
894,2,9.462588786846027e-05
895,0,0.045018184930086136
895,1,0.0003292027395218611
895,2,9.297817450715229e-05
896,0,0.04443787783384323
896,1,0.00034656774369068444
896,2,9.242229862138629e-05
897,0,0.0480317659676075
897,1,0.00035650498466566205
897,2,9.419250272912905e-05
898,0,0.044077835977077484
898,1,0.0003664176329039037
898,2,8.905310096452013e-05
899,0,0.04557684063911438
899,1,0.00039110585930757225
899,2,9.749297896632925e-05
900,0,0.045771077275276184
900,1,0.0003934403648599982
900,2,0.00010094016761286184
901,0,0.045169077813625336
901,1,0.0003867146442644298
901,2,0.00010119524085894227
902,0,0.045107435435056686
902,1,0.00035004931851290166
902,2,9.049414074979722e-05
903,0,0.043503355234861374
903,1,0.00038816858432255685
903,2,0.00010609715536702424
904,0,0.04334774985909462
904,1,0.0003929108497686684
904,2,0.00011350258137099445
905,0,0.04365512356162071
905,1,0.0003772386990021914
905,2,9.629410487832502e-05
906,0,0.04899810999631882
906,1,0.0003939384187106043
906,2,9.21553437365219e-05
907,0,0.042977310717105865
907,1,0.00038815735024400055
907,2,9.659709758125246e-05
908,0,0.0480545349419117
908,1,0.00038542578113265336
908,2,0.00010112542804563418
909,0,0.04540684074163437
909,1,0.00035972511977888644
909,2,8.87523201527074e-05
910,0,0.045368656516075134
910,1,0.00036636163713410497
910,2,9.765306458575651e-05
911,0,0.04382315278053284
911,1,0.00036652630660682917
911,2,8.542334398953244e-05
912,0,0.04557938873767853
912,1,0.00038602162385359406
912,2,8.749972039368004e-05
913,0,0.046461399644613266
913,1,0.0004167105071246624
913,2,9.551951370667666e-05
914,0,0.04482957720756531
914,1,0.0003811958886217326
914,2,9.481045708525926e-05
915,0,0.044362686574459076
915,1,0.0003970521502196789
915,2,0.00010280850256094709
916,0,0.0449758879840374
916,1,0.00035395059967413545
916,2,8.488569437758997e-05
917,0,0.04524296149611473
917,1,0.0003990236727986485
917,2,0.00010049634875031188
918,0,0.04548459127545357
918,1,0.0003539581084623933
918,2,9.078971925191581e-05
919,0,0.04615401104092598
919,1,0.0004087790148332715
919,2,9.745681745698676e-05
920,0,0.045616913586854935
920,1,0.0003832672373391688
920,2,9.099302405957133e-05
921,0,0.047931969165802
921,1,0.00039084424497559667
921,2,8.66136106196791e-05
922,0,0.043776530772447586
922,1,0.000380927202058956
922,2,8.900741522666067e-05
923,0,0.045449018478393555
923,1,0.00039322488009929657
923,2,9.221474465448409e-05
924,0,0.04590136557817459
924,1,0.0003367036406416446
924,2,8.402446110267192e-05
925,0,0.04398427531123161
925,1,0.0003905657213181257
925,2,9.02751853573136e-05
926,0,0.04173484072089195
926,1,0.000353491137502715
926,2,8.751121640671045e-05
927,0,0.04428651183843613
927,1,0.0003813133225776255
927,2,8.112283830996603e-05
928,0,0.04597274586558342
928,1,0.0003798426769208163
928,2,9.137856250163168e-05
929,0,0.04640594497323036
929,1,0.00037701637484133244
929,2,8.709035319043323e-05
930,0,0.04325386881828308
930,1,0.00035146178561262786
930,2,8.613575482740998e-05
931,0,0.045517176389694214
931,1,0.0003403915907256305
931,2,8.251537656178698e-05
932,0,0.04363488405942917
932,1,0.00033609161619096994
932,2,8.398610953008756e-05
933,0,0.04592031240463257
933,1,0.00035184112493880093
933,2,8.23885784484446e-05
934,0,0.04436861351132393
934,1,0.00032227273914031684
934,2,8.04778901510872e-05
935,0,0.04851632937788963
935,1,0.0003620715287979692
935,2,7.82483839429915e-05
936,0,0.04536615312099457
936,1,0.00033959545544348657
936,2,8.208418876165524e-05
937,0,0.04503583163022995
937,1,0.0003930706880055368
937,2,7.988909783307463e-05
938,0,0.04596216604113579
938,1,0.00034482055343687534
938,2,7.839968020562083e-05
939,0,0.04218118265271187
939,1,0.0003791551280301064
939,2,8.856062049744651e-05
940,0,0.04724618420004845
940,1,0.0003665222320705652
940,2,7.934130553621799e-05
941,0,0.04433877393603325
941,1,0.0003914358967449516
941,2,7.784049375914037e-05
942,0,0.04551517218351364
942,1,0.00034786391188390553
942,2,8.19788474473171e-05
943,0,0.04526112228631973
943,1,0.0003559883334673941
943,2,8.326333045260981e-05
944,0,0.04682759568095207
944,1,0.0004002467030659318
944,2,8.68506176630035e-05
945,0,0.0453401617705822
945,1,0.000374656287021935
945,2,7.68745958339423e-05
946,0,0.046822141855955124
946,1,0.00036311414442025125
946,2,8.277673623524606e-05
947,0,0.04576469585299492
947,1,0.000377953692805022
947,2,7.707101758569479e-05
948,0,0.04669536277651787
948,1,0.00037545617669820786
948,2,8.081440319074318e-05
949,0,0.04591337963938713
949,1,0.0003244901599828154
949,2,7.511152216466144e-05
950,0,0.04782075434923172
950,1,0.0003679338551592082
950,2,7.328556239372119e-05
951,0,0.04562303051352501
951,1,0.0003883529861923307
951,2,8.150244684657082e-05
952,0,0.047125451266765594
952,1,0.0003395147214177996
952,2,7.702755829086527e-05
953,0,0.045821163803339005
953,1,0.0003688264114316553
953,2,7.73766078054905e-05
954,0,0.04409649223089218
954,1,0.0003633407177403569
954,2,7.745910988887772e-05
955,0,0.04734792932868004
955,1,0.0003694318875204772
955,2,8.6702209955547e-05
956,0,0.046800728887319565
956,1,0.00041983675328083336
956,2,9.726010466692969e-05
957,0,0.047242969274520874
957,1,0.00034098519245162606
957,2,7.572947652079165e-05
958,0,0.04670236259698868
958,1,0.00036543927853927016
958,2,7.645016739843413e-05
959,0,0.0447988286614418
959,1,0.0003853514790534973
959,2,8.201043237932026e-05
960,0,0.047277726233005524
960,1,0.00037790334317833185
960,2,8.37805200717412e-05
961,0,0.045601360499858856
961,1,0.0003599757037591189
961,2,7.500053470721468e-05
962,0,0.0457182303071022
962,1,0.0003797662502620369
962,2,8.296610758407041e-05
963,0,0.04801323264837265
963,1,0.0003413186932448298
963,2,7.467867544619367e-05
964,0,0.04636044800281525
964,1,0.00037960882764309645
964,2,7.575919880764559e-05
965,0,0.043932922184467316
965,1,0.00038834495353512466
965,2,8.381937368540093e-05
966,0,0.04513164609670639
966,1,0.0003613458829931915
966,2,7.769781223032624e-05
967,0,0.043705832213163376
967,1,0.00037706983857788146
967,2,7.390658720396459e-05
968,0,0.0456811897456646
968,1,0.0003832010552287102
968,2,7.515544712077826e-05
969,0,0.04368073120713234
969,1,0.0003527943918015808
969,2,7.488123083021492e-05
970,0,0.047619473189115524
970,1,0.00034782220609486103
970,2,7.008246029727161e-05
971,0,0.045032646507024765
971,1,0.00039443265995942056
971,2,9.260755177820101e-05
972,0,0.04569618031382561
972,1,0.0003623803786467761
972,2,7.286959589691833e-05
973,0,0.04616976156830788
973,1,0.0003889070067089051
973,2,7.487038965336978e-05
974,0,0.04955644533038139
974,1,0.00037640793016180396
974,2,7.849460234865546e-05
975,0,0.04387250915169716
975,1,0.00036133380490355194
975,2,7.461054337909445e-05
976,0,0.04493006691336632
976,1,0.0003754227655008435
976,2,7.727876072749496e-05
977,0,0.04538486897945404
977,1,0.00035557564115151763
977,2,8.215718844439834e-05
978,0,0.044726159423589706
978,1,0.00033222802449017763
978,2,6.734798080287874e-05
979,0,0.04805273562669754
979,1,0.0003707900468725711
979,2,7.452557474607602e-05
980,0,0.04632988199591637
980,1,0.00036548852222040296
980,2,7.890297274570912e-05
981,0,0.04648573324084282
981,1,0.00035549231688492
981,2,7.189006282715127e-05
982,0,0.044730041176080704
982,1,0.0003410321951378137
982,2,7.206865848274902e-05
983,0,0.04526561498641968
983,1,0.00037394286482594907
983,2,8.077976235654205e-05
984,0,0.044458575546741486
984,1,0.00036541075678542256
984,2,8.316363528138027e-05
985,0,0.046321164816617966
985,1,0.0004016247985418886
985,2,7.68597237765789e-05
986,0,0.04682325944304466
986,1,0.000394128990592435
986,2,8.049914322327822e-05
987,0,0.045364849269390106
987,1,0.0003740879474207759
987,2,7.556968921562657e-05
988,0,0.04516546055674553
988,1,0.0003893215034622699
988,2,7.340636511798948e-05
989,0,0.04684891924262047
989,1,0.0003615030727814883
989,2,7.08758961991407e-05
990,0,0.0471554733812809
990,1,0.00038212284562177956
990,2,7.360763265751302e-05
991,0,0.046350862830877304
991,1,0.00036226180964149535
991,2,7.528488640673459e-05
992,0,0.045497238636016846
992,1,0.00037566645187325776
992,2,8.286337833851576e-05
993,0,0.04758499935269356
993,1,0.00034871933166868985
993,2,7.255012314999476e-05
994,0,0.04357330873608589
994,1,0.00035495078191161156
994,2,7.603074482176453e-05
995,0,0.044989023357629776
995,1,0.0003485236957203597
995,2,7.497396291000769e-05
996,0,0.04586254060268402
996,1,0.00037899627932347357
996,2,8.179694850696251e-05
997,0,0.04572701081633568
997,1,0.0003564259968698025
997,2,8.076474478002638e-05
998,0,0.04659751057624817
998,1,0.00037995504681020975
998,2,7.262240251293406e-05
999,0,0.04755743592977524
999,1,0.00043077042209915817
999,2,8.318312029587105e-05
